business_date,fund_code,fund_product_id,product_type,price_above_year_line,weekly_macd_state,volume_state,current_nav
2026-07-04,008585,6170,ETF,true,RED_SHRINKING,NORMAL,1.85340000
2026-07-05,008087,5778,ETF,true,RED_SHRINKING,,3.45800000
2026-07-05,008585,6170,ETF,true,RED_SHRINKING,NORMAL,1.85340000
2026-07-05,008888,6416,ETF,true,RED_SHRINKING,NORMAL,2.50150000
2026-07-05,011608,8713,INDEX,true,RED_SHRINKING,NORMAL,1.50790000
2026-07-05,012832,9798,ETF,true,GREEN_EXPANDING,,0.67010000
2026-07-05,016708,13097,ETF,true,GREEN_EXPANDING,,1.72910000
2026-07-05,017175,13492,ETF,false,GREEN_EXPANDING,,1.07390000
2026-07-05,020608,16637,ETF,true,RED_SHRINKING,,1.65480000
2026-07-05,110026,23860,ETF,true,RED_SHRINKING,,4.08320000
2026-07-06,008087,5778,ETF,true,RED_SHRINKING,NORMAL,3.45800000
2026-07-06,008585,6170,ETF,true,RED_SHRINKING,NORMAL,1.85340000
2026-07-06,008888,6416,ETF,true,RED_SHRINKING,NORMAL,2.50150000
2026-07-06,011608,8713,INDEX,true,RED_SHRINKING,NORMAL,1.50790000
2026-07-06,012832,9798,ETF,true,GREEN_EXPANDING,NORMAL,0.67010000
2026-07-06,016708,13097,ETF,true,GREEN_EXPANDING,NORMAL,1.72910000
2026-07-06,017175,13492,ETF,false,GREEN_EXPANDING,NORMAL,1.07390000
2026-07-06,020608,16637,ETF,true,RED_SHRINKING,NORMAL,1.65480000
2026-07-06,110026,23860,ETF,true,RED_SHRINKING,,4.08320000
2026-07-07,008087,5778,ETF,true,RED_SHRINKING,NORMAL,3.35410000
2026-07-07,008585,6170,ETF,true,RED_SHRINKING,NORMAL,1.84250000
2026-07-07,008888,6416,ETF,true,RED_SHRINKING,NORMAL,2.51960000
2026-07-07,011608,8713,INDEX,true,RED_SHRINKING,NORMAL,1.52290000
2026-07-07,012832,9798,ETF,true,GREEN_EXPANDING,NORMAL,0.65750000
2026-07-07,016708,13097,ETF,true,GREEN_EXPANDING,NORMAL,1.71370000
2026-07-07,017175,13492,ETF,false,GREEN_EXPANDING,,1.06790000
2026-07-07,020608,16637,ETF,true,RED_SHRINKING,NORMAL,1.59610000
2026-07-07,110026,23860,ETF,true,RED_SHRINKING,NORMAL,4.01380000
2026-07-08,008087,5778,ETF,true,RED_SHRINKING,NORMAL,3.34540000
2026-07-08,008585,6170,ETF,true,RED_SHRINKING,NORMAL,1.83540000
2026-07-08,008888,6416,ETF,true,RED_SHRINKING,NORMAL,2.50820000
2026-07-08,011608,8713,INDEX,true,RED_SHRINKING,NORMAL,1.52680000
2026-07-08,012832,9798,ETF,false,GREEN_EXPANDING,NORMAL,0.64960000
2026-07-08,016708,13097,ETF,false,GREEN_EXPANDING,NORMAL,1.67050000
2026-07-08,017175,13492,ETF,false,GREEN_EXPANDING,NORMAL,1.04980000
2026-07-08,020608,16637,ETF,true,RED_SHRINKING,NORMAL,1.57520000
2026-07-08,110026,23860,ETF,true,RED_SHRINKING,NORMAL,3.98030000
2026-07-09,008087,5778,ETF,true,RED_SHRINKING,NORMAL,3.31350000
2026-07-09,008585,6170,ETF,true,RED_SHRINKING,NORMAL,1.85950000
2026-07-09,008888,6416,ETF,true,RED_SHRINKING,NORMAL,2.48940000
2026-07-09,011608,8713,INDEX,true,RED_SHRINKING,NORMAL,1.53740000
2026-07-09,012832,9798,ETF,false,GREEN_EXPANDING,NORMAL,0.62180000
2026-07-09,016708,13097,ETF,false,GREEN_EXPANDING,NORMAL,1.62260000
2026-07-09,017175,13492,ETF,false,GREEN_EXPANDING,NORMAL,1.04540000
2026-07-09,020608,16637,ETF,true,RED_SHRINKING,NORMAL,1.50770000
2026-07-09,110026,23860,ETF,true,GREEN_SHRINKING,NORMAL,3.91750000
2026-07-10,008087,5778,ETF,true,RED_SHRINKING,NORMAL,3.52910000
2026-07-10,008585,6170,ETF,true,RED_SHRINKING,NORMAL,1.97130000
2026-07-10,008888,6416,ETF,true,RED_SHRINKING,NORMAL,2.71490000
2026-07-10,011608,8713,INDEX,true,RED_SHRINKING,NORMAL,1.65960000
2026-07-10,012832,9798,ETF,false,GREEN_EXPANDING,NORMAL,0.62290000
2026-07-10,016708,13097,ETF,false,GREEN_EXPANDING,NORMAL,1.61260000
2026-07-10,017175,13492,ETF,false,GREEN_EXPANDING,,1.04500000
2026-07-10,020608,16637,ETF,true,RED_SHRINKING,NORMAL,1.54070000
2026-07-10,110026,23860,ETF,true,RED_SHRINKING,NORMAL,4.08270000
2026-07-11,008087,5778,ETF,true,RED_SHRINKING,NORMAL,3.40390000
2026-07-11,008585,6170,ETF,true,RED_SHRINKING,HIGH_DROP,1.91590000
2026-07-11,008888,6416,ETF,true,RED_SHRINKING,NORMAL,2.54420000
2026-07-11,011608,8713,INDEX,true,RED_SHRINKING,NORMAL,1.57240000
2026-07-11,012832,9798,ETF,false,GREEN_EXPANDING,NORMAL,0.60660000
2026-07-11,016708,13097,ETF,false,GREEN_EXPANDING,NORMAL,1.62150000
2026-07-11,017175,13492,ETF,false,GREEN_EXPANDING,,1.05330000
2026-07-11,020608,16637,ETF,true,RED_SHRINKING,NORMAL,1.54010000
2026-07-11,110026,23860,ETF,true,GREEN_SHRINKING,,3.91540000
2026-07-13,008087,5778,ETF,true,RED_SHRINKING,NORMAL,3.40390000
2026-07-13,008585,6170,ETF,true,RED_SHRINKING,HIGH_DROP,1.91590000
2026-07-13,008888,6416,ETF,true,RED_SHRINKING,NORMAL,2.54420000
2026-07-13,011608,8713,INDEX,true,RED_SHRINKING,NORMAL,1.57240000
2026-07-13,012832,9798,ETF,false,GREEN_EXPANDING,NORMAL,0.60660000
2026-07-13,016708,13097,ETF,false,GREEN_EXPANDING,NORMAL,1.62150000
2026-07-13,017175,13492,ETF,false,GREEN_EXPANDING,NORMAL,1.05330000
2026-07-13,020608,16637,ETF,true,RED_SHRINKING,NORMAL,1.54010000
2026-07-13,110026,23860,ETF,true,GREEN_SHRINKING,,3.91540000
2026-07-14,008087,5778,ETF,true,RED_SHRINKING,NORMAL,3.24400000
2026-07-14,008585,6170,ETF,true,RED_SHRINKING,NORMAL,1.86230000
2026-07-14,008888,6416,ETF,true,RED_SHRINKING,NORMAL,2.44610000
2026-07-14,011608,8713,INDEX,true,RED_SHRINKING,NORMAL,1.52180000
2026-07-14,012832,9798,ETF,false,GREEN_EXPANDING,NORMAL,0.58260000
2026-07-14,016708,13097,ETF,false,GREEN_EXPANDING,NORMAL,1.55740000
2026-07-14,017175,13492,ETF,false,GREEN_EXPANDING,NORMAL,1.04070000
2026-07-14,020608,16637,ETF,true,GREEN_SHRINKING,NORMAL,1.45530000
2026-07-14,110026,23860,ETF,true,GREEN_EXPANDING,,3.80280000
2026-07-15,008087,5778,ETF,true,RED_SHRINKING,NORMAL,3.41600000
2026-07-15,008585,6170,ETF,true,RED_SHRINKING,NORMAL,1.89310000
2026-07-15,008888,6416,ETF,true,RED_SHRINKING,NORMAL,2.48820000
2026-07-15,011608,8713,INDEX,true,RED_SHRINKING,NORMAL,1.53330000
2026-07-15,012832,9798,ETF,false,GREEN_EXPANDING,NORMAL,0.59210000
2026-07-15,016708,13097,ETF,false,GREEN_SHRINKING,NORMAL,1.63780000
2026-07-15,017175,13492,ETF,false,GREEN_EXPANDING,,1.04950000
2026-07-15,020608,16637,ETF,true,GREEN_SHRINKING,NORMAL,1.46430000
2026-07-15,110026,23860,ETF,true,GREEN_EXPANDING,NORMAL,3.92560000
2026-07-16,008087,5778,ETF,true,RED_SHRINKING,NORMAL,3.34630000
2026-07-16,008585,6170,ETF,true,RED_SHRINKING,NORMAL,1.84540000
2026-07-16,008888,6416,ETF,true,RED_SHRINKING,NORMAL,2.36350000
2026-07-16,011608,8713,INDEX,true,RED_SHRINKING,NORMAL,1.47180000
2026-07-16,012832,9798,ETF,false,GREEN_EXPANDING,NORMAL,0.58850000
2026-07-16,016708,13097,ETF,false,GREEN_EXPANDING,NORMAL,1.60750000
2026-07-16,017093,13421,ETF,true,RED_SHRINKING,,2.81670000
2026-07-16,017175,13492,ETF,false,GREEN_EXPANDING,NORMAL,1.05540000
2026-07-16,020608,16637,ETF,true,GREEN_SHRINKING,NORMAL,1.45770000
2026-07-16,110026,23860,ETF,true,GREEN_EXPANDING,NORMAL,3.88220000
2026-07-17,006479,4420,ETF,true,RED_SHRINKING,,8.06470000
2026-07-17,006479,4420,ETF,true,RED_SHRINKING,,8.06470000
2026-07-17,008087,5778,ETF,true,RED_SHRINKING,NORMAL,3.26140000
2026-07-17,008585,6170,ETF,true,RED_SHRINKING,NORMAL,1.80190000
2026-07-17,008888,6416,ETF,true,RED_SHRINKING,NORMAL,2.23580000
2026-07-17,011608,8713,INDEX,true,RED_SHRINKING,NORMAL,1.32050000
2026-07-17,012832,9798,ETF,false,GREEN_EXPANDING,NORMAL,0.55590000
2026-07-17,012920,9883,ACTIVE,true,RED_SHRINKING,NORMAL,4.18370000
2026-07-17,012922,9885,ACTIVE,true,RED_SHRINKING,NORMAL,4.10230000
2026-07-17,014978,11628,ETF,true,RED_SHRINKING,,7.95480000
2026-07-17,016664,13060,ACTIVE,true,GREEN_SHRINKING,NORMAL,2.97630000
2026-07-17,016708,13097,ETF,false,GREEN_EXPANDING,NORMAL,1.52660000
2026-07-17,017093,13421,ETF,true,RED_SHRINKING,,2.76500000
2026-07-17,017175,13492,ETF,false,GREEN_EXPANDING,,1.05610000
2026-07-17,019172,15299,INDEX,true,RED_SHRINKING,,1.72670000
2026-07-17,019736,15828,INDEX,true,RED_SHRINKING,,1.49290000
2026-07-17,020608,16637,ETF,false,GREEN_EXPANDING,NORMAL,1.35500000
2026-07-17,110026,23860,ETF,true,GREEN_EXPANDING,,3.52190000
2026-07-17,270042,25374,ETF,true,RED_SHRINKING,,8.34250000
2026-07-18,006479,4420,ETF,true,RED_SHRINKING,,7.93290000
2026-07-18,008087,5778,ETF,true,GREEN_SHRINKING,,2.97020000
2026-07-18,008585,6170,ETF,true,GREEN_SHRINKING,NORMAL,1.66480000
2026-07-18,008888,6416,ETF,true,RED_SHRINKING,NORMAL,2.08170000
2026-07-18,011608,8713,INDEX,true,RED_SHRINKING,NORMAL,1.32050000
2026-07-18,012832,9798,ETF,false,GREEN_EXPANDING,NORMAL,0.55590000
2026-07-18,012920,9883,ACTIVE,true,RED_SHRINKING,NORMAL,4.18370000
2026-07-18,012922,9885,ACTIVE,true,RED_SHRINKING,NORMAL,4.10230000
2026-07-18,014978,11628,ETF,true,RED_SHRINKING,,7.95480000
2026-07-18,016664,13060,ACTIVE,true,GREEN_SHRINKING,NORMAL,2.97630000
2026-07-18,016708,13097,ETF,false,GREEN_EXPANDING,NORMAL,1.52660000
2026-07-18,017093,13421,ETF,true,RED_SHRINKING,,2.76500000
2026-07-18,017175,13492,ETF,false,GREEN_EXPANDING,,1.05610000
2026-07-18,019172,15299,INDEX,true,RED_SHRINKING,,1.72670000
2026-07-18,019736,15828,INDEX,true,RED_SHRINKING,,1.47010000
2026-07-18,020608,16637,ETF,false,GREEN_EXPANDING,,1.35500000
2026-07-18,110026,23860,ETF,true,GREEN_EXPANDING,NORMAL,3.52190000
2026-07-18,270042,25374,ETF,true,RED_SHRINKING,,8.34250000
2026-07-19,006479,4420,ETF,true,RED_SHRINKING,,7.93290000
2026-07-19,008087,5778,ETF,true,GREEN_SHRINKING,NORMAL,2.97020000
2026-07-19,008585,6170,ETF,true,GREEN_SHRINKING,NORMAL,1.66480000
2026-07-19,008888,6416,ETF,true,RED_SHRINKING,NORMAL,2.08170000
2026-07-19,011608,8713,INDEX,true,RED_SHRINKING,NORMAL,1.32050000
2026-07-19,012832,9798,ETF,false,GREEN_EXPANDING,NORMAL,0.55590000
2026-07-19,012920,9883,ACTIVE,true,RED_SHRINKING,NORMAL,4.18370000
2026-07-19,012922,9885,ACTIVE,true,RED_SHRINKING,NORMAL,4.10230000
2026-07-19,014978,11628,ETF,true,RED_SHRINKING,,7.95480000
2026-07-19,016664,13060,ACTIVE,true,GREEN_SHRINKING,NORMAL,2.97630000
2026-07-19,016708,13097,ETF,false,GREEN_EXPANDING,NORMAL,1.52660000
2026-07-19,017093,13421,ETF,true,RED_SHRINKING,,2.76500000
2026-07-19,017175,13492,ETF,false,GREEN_EXPANDING,NORMAL,1.05610000
2026-07-19,019172,15299,INDEX,true,RED_SHRINKING,,1.72670000
2026-07-19,019736,15828,INDEX,true,RED_SHRINKING,,1.47010000
2026-07-19,020608,16637,ETF,false,GREEN_EXPANDING,NORMAL,1.35500000
2026-07-19,110026,23860,ETF,true,GREEN_EXPANDING,NORMAL,3.52190000
2026-07-19,270042,25374,ETF,true,RED_SHRINKING,,8.34250000
2026-07-20,006479,4420,ETF,true,RED_SHRINKING,,7.81570000
2026-07-20,008087,5778,ETF,true,GREEN_EXPANDING,NORMAL,2.87330000
2026-07-20,008585,6170,ETF,true,GREEN_EXPANDING,NORMAL,1.70090000
2026-07-20,008888,6416,ETF,true,RED_SHRINKING,NORMAL,2.02990000
2026-07-20,011608,8713,INDEX,true,RED_SHRINKING,NORMAL,1.32300000
2026-07-20,012920,9883,ACTIVE,true,GREEN_SHRINKING,NORMAL,3.95790000
2026-07-20,012922,9885,ACTIVE,true,GREEN_SHRINKING,NORMAL,3.88080000
2026-07-20,014978,11628,ETF,true,RED_SHRINKING,,7.83840000
2026-07-20,016664,13060,ACTIVE,true,GREEN_SHRINKING,NORMAL,2.73570000
2026-07-20,016708,13097,ETF,false,GREEN_EXPANDING,NORMAL,1.52990000
2026-07-20,017093,13421,ETF,true,RED_SHRINKING,,2.72900000
2026-07-20,019172,15299,INDEX,true,RED_SHRINKING,,1.70370000
2026-07-20,019736,15828,INDEX,true,RED_SHRINKING,,1.44990000
2026-07-20,020608,16637,ETF,false,GREEN_EXPANDING,NORMAL,1.31140000
2026-07-20,110026,23860,ETF,true,GREEN_EXPANDING,NORMAL,3.53640000
2026-07-20,270042,25374,ETF,true,RED_SHRINKING,,8.22320000
2026-07-21,006479,4420,ETF,true,GREEN_EXPANDING,,7.81910000
2026-07-21,008087,5778,ETF,true,GREEN_EXPANDING,NORMAL,3.08880000
2026-07-21,008585,6170,ETF,true,GREEN_EXPANDING,NORMAL,1.82330000
2026-07-21,008888,6416,ETF,true,RED_SHRINKING,NORMAL,2.25400000
2026-07-21,011608,8713,INDEX,true,RED_SHRINKING,NORMAL,1.32300000
2026-07-21,012920,9883,ACTIVE,true,GREEN_EXPANDING,NORMAL,3.91800000
2026-07-21,012922,9885,ACTIVE,true,GREEN_EXPANDING,NORMAL,3.84130000
2026-07-21,014978,11628,ETF,true,GREEN_EXPANDING,,7.84150000
2026-07-21,016664,13060,ACTIVE,true,GREEN_EXPANDING,NORMAL,2.69550000
2026-07-21,016708,13097,ETF,false,GREEN_EXPANDING,NORMAL,1.52990000
2026-07-21,017093,13421,ETF,true,RED_SHRINKING,,2.72900000
2026-07-21,019172,15299,INDEX,true,GREEN_EXPANDING,,1.70450000
2026-07-21,019736,15828,INDEX,true,GREEN_EXPANDING,,1.45070000
2026-07-21,020608,16637,ETF,false,GREEN_EXPANDING,NORMAL,1.36610000
2026-07-21,110026,23860,ETF,true,GREEN_EXPANDING,NORMAL,3.77180000
2026-07-21,270042,25374,ETF,true,GREEN_EXPANDING,,8.22680000
2026-07-22,003765,2583,ETF,true,GREEN_EXPANDING,NORMAL,1.93270000
2026-07-22,006479,4420,ETF,true,GREEN_EXPANDING,,7.96530000
2026-07-22,007301,5128,ETF,true,RED_SHRINKING,NORMAL,4.40140000
2026-07-22,008087,5778,ETF,true,GREEN_EXPANDING,NORMAL,2.98430000
2026-07-22,008163,5838,ETF,true,GREEN_SHRINKING,,1.75590000
2026-07-22,008585,6170,ETF,true,GREEN_EXPANDING,NORMAL,1.80020000
2026-07-22,008888,6416,ETF,true,RED_SHRINKING,NORMAL,2.22320000
2026-07-22,010736,7967,INDEX_ENHANCED,true,GREEN_SHRINKING,NORMAL,1.28790000
2026-07-22,011608,8713,INDEX,true,RED_SHRINKING,NORMAL,1.42610000
2026-07-22,012920,9883,ACTIVE,true,GREEN_EXPANDING,NORMAL,4.16790000
2026-07-22,012922,9885,ACTIVE,true,GREEN_EXPANDING,NORMAL,4.08610000
2026-07-22,013308,10208,ETF,false,RED_SHRINKING,,1.11180000
2026-07-22,013446,10333,ACTIVE,true,RED_SHRINKING,NORMAL,1.77750000
2026-07-22,014978,11628,ETF,true,GREEN_EXPANDING,,7.98490000
2026-07-22,015879,12383,ETF,false,GREEN_SHRINKING,,0.73450000
2026-07-22,016664,13060,ACTIVE,true,GREEN_EXPANDING,NORMAL,2.94980000
2026-07-22,016707,13096,ETF,false,GREEN_SHRINKING,NORMAL,1.66220000
2026-07-22,016708,13097,ETF,false,GREEN_SHRINKING,NORMAL,1.64370000
2026-07-22,017093,13421,ETF,true,RED_SHRINKING,,2.78880000
2026-07-22,017189,13506,INDEX_ENHANCED,true,RED_SHRINKING,,2.02550000
2026-07-22,019172,15299,INDEX,true,GREEN_EXPANDING,,1.73380000
2026-07-22,019736,15828,INDEX,true,GREEN_SHRINKING,,1.47640000
2026-07-22,020608,16637,ETF,false,GREEN_EXPANDING,NORMAL,1.34510000
2026-07-22,021972,17940,ETF,false,GREEN_SHRINKING,,1.18650000
2026-07-22,025732,21520,ETF,false,GREEN_EXPANDING,,0.82770000
2026-07-22,026265,22033,ETF,false,,,0.83190000
2026-07-22,027521,23185,ETF,false,,,1.00020000
2026-07-22,110026,23860,ETF,true,GREEN_EXPANDING,NORMAL,3.65680000
2026-07-22,270042,25374,ETF,true,GREEN_EXPANDING,,8.22680000
2026-07-23,003765,2583,ETF,true,GREEN_EXPANDING,NORMAL,1.93270000
2026-07-23,006479,4420,ETF,true,GREEN_EXPANDING,,7.96530000
2026-07-23,007301,5128,ETF,true,RED_SHRINKING,NORMAL,4.35260000
2026-07-23,008087,5778,ETF,true,GREEN_EXPANDING,NORMAL,2.98430000
2026-07-23,008163,5838,ETF,true,GREEN_SHRINKING,,1.75590000
2026-07-23,008585,6170,ETF,true,GREEN_EXPANDING,NORMAL,1.80020000
2026-07-23,008888,6416,ETF,true,RED_SHRINKING,NORMAL,2.22320000
2026-07-23,010736,7967,INDEX_ENHANCED,true,GREEN_SHRINKING,NORMAL,1.28790000
2026-07-23,011608,8713,INDEX,true,RED_SHRINKING,NORMAL,1.42610000
2026-07-23,012920,9883,ACTIVE,true,GREEN_EXPANDING,NORMAL,4.16790000
2026-07-23,012922,9885,ACTIVE,true,GREEN_EXPANDING,NORMAL,4.08610000
2026-07-23,013308,10208,ETF,false,RED_SHRINKING,,1.11180000
2026-07-23,013446,10333,ACTIVE,true,RED_SHRINKING,NORMAL,1.77750000
2026-07-23,014978,11628,ETF,true,GREEN_EXPANDING,,7.98490000
2026-07-23,015879,12383,ETF,false,GREEN_SHRINKING,,0.73450000
2026-07-23,016664,13060,ACTIVE,true,GREEN_EXPANDING,NORMAL,2.94980000
2026-07-23,016707,13096,ETF,false,GREEN_SHRINKING,NORMAL,1.66220000
2026-07-23,016708,13097,ETF,false,GREEN_SHRINKING,NORMAL,1.64370000
2026-07-23,017093,13421,ETF,true,RED_SHRINKING,,2.78880000
2026-07-23,017189,13506,INDEX_ENHANCED,true,RED_SHRINKING,,2.02550000
2026-07-23,019172,15299,INDEX,true,GREEN_EXPANDING,,1.73380000
2026-07-23,019736,15828,INDEX,true,GREEN_SHRINKING,,1.47640000
2026-07-23,020608,16637,ETF,false,GREEN_EXPANDING,NORMAL,1.34510000
2026-07-23,021972,17940,ETF,false,GREEN_SHRINKING,,1.18650000
2026-07-23,025732,21520,ETF,false,GREEN_EXPANDING,,0.82770000
2026-07-23,026265,22033,ETF,false,,,0.83190000
2026-07-23,027521,23185,ETF,false,,,1.00020000
2026-07-23,110026,23860,ETF,true,GREEN_EXPANDING,NORMAL,3.65680000
2026-07-23,270042,25374,ETF,true,GREEN_EXPANDING,,8.37570000
2026-07-24,003765,2583,ETF,true,GREEN_EXPANDING,NORMAL,1.93720000
2026-07-24,006479,4420,ETF,true,GREEN_EXPANDING,,7.92400000
2026-07-24,007301,5128,ETF,true,RED_SHRINKING,NORMAL,4.17300000
2026-07-24,008087,5778,ETF,true,GREEN_EXPANDING,NORMAL,2.96320000
2026-07-24,008163,5838,ETF,true,GREEN_SHRINKING,,1.75860000
2026-07-24,008585,6170,ETF,true,GREEN_EXPANDING,NORMAL,1.75830000
2026-07-24,008888,6416,ETF,true,RED_SHRINKING,NORMAL,2.13510000
2026-07-24,010736,7967,INDEX_ENHANCED,true,RED_SHRINKING,NORMAL,1.29010000
2026-07-24,011608,8713,INDEX,true,RED_SHRINKING,NORMAL,1.37520000
2026-07-24,012920,9883,ACTIVE,true,GREEN_EXPANDING,NORMAL,4.08620000
2026-07-24,012922,9885,ACTIVE,true,GREEN_EXPANDING,NORMAL,4.00590000
2026-07-24,013308,10208,ETF,false,RED_SHRINKING,,1.11840000
2026-07-24,013446,10333,ACTIVE,true,RED_SHRINKING,NORMAL,1.69940000
2026-07-24,014978,11628,ETF,true,GREEN_EXPANDING,,7.94390000
2026-07-24,015879,12383,ETF,false,GREEN_SHRINKING,,0.74360000
2026-07-24,016664,13060,ACTIVE,true,GREEN_EXPANDING,NORMAL,2.90440000
2026-07-24,016707,13096,ETF,false,GREEN_SHRINKING,NORMAL,1.71530000
2026-07-24,016708,13097,ETF,false,GREEN_SHRINKING,NORMAL,1.69630000
2026-07-24,017093,13421,ETF,true,RED_SHRINKING,,2.77910000
2026-07-24,017189,13506,INDEX_ENHANCED,true,RED_SHRINKING,,1.94740000
2026-07-24,019172,15299,INDEX,true,GREEN_EXPANDING,,1.72560000
2026-07-24,019736,15828,INDEX,true,GREEN_EXPANDING,,1.46920000
2026-07-24,020608,16637,ETF,false,GREEN_EXPANDING,NORMAL,1.33860000
2026-07-24,021972,17940,ETF,false,GREEN_SHRINKING,,1.19730000
2026-07-24,025732,21520,ETF,false,GREEN_EXPANDING,,0.84800000
2026-07-24,026265,22033,ETF,false,,,0.85960000
2026-07-24,027521,23185,ETF,false,,,0.96560000
2026-07-24,110026,23860,ETF,true,GREEN_EXPANDING,NORMAL,3.66550000
2026-07-24,270042,25374,ETF,true,GREEN_EXPANDING,,8.33360000
2026-07-27,003765,2583,ETF,true,GREEN_EXPANDING,NORMAL,1.88840000
2026-07-27,006479,4420,ETF,true,GREEN_EXPANDING,,7.68260000
2026-07-27,007301,5128,ETF,true,GREEN_SHRINKING,NORMAL,4.23850000
2026-07-27,008087,5778,ETF,true,GREEN_EXPANDING,NORMAL,2.97090000
2026-07-27,008163,5838,ETF,true,RED_SHRINKING,,1.75140000
2026-07-27,008585,6170,ETF,true,GREEN_EXPANDING,NORMAL,1.75730000
2026-07-27,008888,6416,ETF,true,GREEN_SHRINKING,NORMAL,2.16220000
2026-07-27,010736,7967,INDEX_ENHANCED,true,GREEN_EXPANDING,NORMAL,1.29080000
2026-07-27,011608,8713,INDEX,true,RED_SHRINKING,NORMAL,1.38990000
2026-07-27,012920,9883,ACTIVE,true,GREEN_EXPANDING,NORMAL,3.89890000
2026-07-27,012922,9885,ACTIVE,true,GREEN_EXPANDING,NORMAL,3.82210000
2026-07-27,013308,10208,ETF,false,RED_SHRINKING,,1.11890000
2026-07-27,013446,10333,ACTIVE,true,RED_SHRINKING,NORMAL,1.73190000
2026-07-27,014978,11628,ETF,true,GREEN_EXPANDING,,7.70500000
2026-07-27,015879,12383,ETF,false,GREEN_SHRINKING,,0.72210000
2026-07-27,016664,13060,ACTIVE,true,GREEN_EXPANDING,NORMAL,2.78550000
2026-07-27,016707,13096,ETF,false,GREEN_SHRINKING,NORMAL,1.63750000
2026-07-27,016708,13097,ETF,false,GREEN_SHRINKING,NORMAL,1.61930000
2026-07-27,017093,13421,ETF,true,RED_SHRINKING,,2.72690000
2026-07-27,017189,13506,INDEX_ENHANCED,true,RED_SHRINKING,,1.95000000
2026-07-27,019172,15299,INDEX,true,GREEN_EXPANDING,,1.67850000
2026-07-27,019736,15828,INDEX,true,GREEN_EXPANDING,,1.44260000
2026-07-27,020608,16637,ETF,false,GREEN_EXPANDING,NORMAL,1.33290000
2026-07-27,021972,17940,ETF,false,GREEN_SHRINKING,,1.18160000
2026-07-27,025732,21520,ETF,false,GREEN_SHRINKING,,0.85230000
2026-07-27,026265,22033,ETF,false,,,0.86900000
2026-07-27,027521,23185,ETF,false,,,0.97140000
2026-07-27,110026,23860,ETF,true,GREEN_EXPANDING,NORMAL,3.57400000
2026-07-27,270042,25374,ETF,true,GREEN_EXPANDING,,8.08800000
2026-07-28,003765,2583,ETF,true,GREEN_EXPANDING,NORMAL,1.94520000
2026-07-28,006479,4420,ETF,true,GREEN_EXPANDING,,7.68260000
2026-07-28,007301,5128,ETF,true,GREEN_SHRINKING,NORMAL,4.23850000
2026-07-28,008087,5778,ETF,true,GREEN_EXPANDING,NORMAL,2.97090000
2026-07-28,008163,5838,ETF,true,RED_SHRINKING,,1.75140000
2026-07-28,008585,6170,ETF,true,GREEN_EXPANDING,NORMAL,1.75730000
2026-07-28,008888,6416,ETF,true,GREEN_SHRINKING,NORMAL,2.16220000
2026-07-28,010736,7967,INDEX_ENHANCED,true,GREEN_EXPANDING,NORMAL,1.29080000
2026-07-28,011608,8713,INDEX,true,RED_SHRINKING,NORMAL,1.38990000
2026-07-28,012920,9883,ACTIVE,true,GREEN_EXPANDING,NORMAL,3.89890000
2026-07-28,012922,9885,ACTIVE,true,GREEN_EXPANDING,NORMAL,3.82210000
2026-07-28,013308,10208,ETF,false,RED_SHRINKING,,1.11890000
2026-07-28,013446,10333,ACTIVE,true,RED_SHRINKING,NORMAL,1.73190000
2026-07-28,014978,11628,ETF,true,GREEN_EXPANDING,,7.70500000
2026-07-28,015879,12383,ETF,false,GREEN_SHRINKING,,0.73210000
2026-07-28,016664,13060,ACTIVE,true,GREEN_EXPANDING,NORMAL,2.78550000
2026-07-28,016707,13096,ETF,false,GREEN_SHRINKING,NORMAL,1.67370000
2026-07-28,016708,13097,ETF,false,GREEN_SHRINKING,NORMAL,1.65500000
2026-07-28,017093,13421,ETF,true,RED_SHRINKING,,2.69720000
2026-07-28,017189,13506,INDEX_ENHANCED,true,RED_SHRINKING,,1.98640000
2026-07-28,019172,15299,INDEX,true,GREEN_EXPANDING,,1.67850000
2026-07-28,019736,15828,INDEX,true,GREEN_EXPANDING,,1.42760000
2026-07-28,020608,16637,ETF,false,GREEN_EXPANDING,NORMAL,1.33290000
2026-07-28,021972,17940,ETF,false,GREEN_SHRINKING,,1.18160000
2026-07-28,025732,21520,ETF,false,GREEN_SHRINKING,,0.85230000
2026-07-28,026265,22033,ETF,false,,,0.86900000
2026-07-28,027521,23185,ETF,false,,,0.97140000
2026-07-28,110026,23860,ETF,true,GREEN_EXPANDING,NORMAL,3.68050000
2026-07-28,270042,25374,ETF,true,GREEN_EXPANDING,,8.08800000
2026-07-29,003765,2583,ETF,true,GREEN_EXPANDING,NORMAL,1.80820000
2026-07-29,006479,4420,ETF,true,GREEN_EXPANDING,,7.65260000
2026-07-29,007301,5128,ETF,true,GREEN_SHRINKING,NORMAL,3.95750000
2026-07-29,008087,5778,ETF,true,GREEN_EXPANDING,NORMAL,2.70040000
2026-07-29,008163,5838,ETF,true,RED_SHRINKING,,1.76040000
2026-07-29,008585,6170,ETF,true,GREEN_EXPANDING,NORMAL,1.63900000
2026-07-29,008888,6416,ETF,true,GREEN_SHRINKING,NORMAL,2.00350000
2026-07-29,010736,7967,INDEX_ENHANCED,true,GREEN_EXPANDING,NORMAL,1.22300000
2026-07-29,011608,8713,INDEX,true,GREEN_SHRINKING,NORMAL,1.30650000
2026-07-29,012920,9883,ACTIVE,true,GREEN_EXPANDING,NORMAL,3.88500000
2026-07-29,012922,9885,ACTIVE,true,GREEN_EXPANDING,NORMAL,3.80840000
2026-07-29,013308,10208,ETF,false,RED_SHRINKING,,1.12580000
2026-07-29,013446,10333,ACTIVE,true,GREEN_SHRINKING,NORMAL,1.61500000
2026-07-29,014978,11628,ETF,true,GREEN_EXPANDING,,7.67680000
2026-07-29,015879,12383,ETF,false,GREEN_SHRINKING,,0.73420000
2026-07-29,016664,13060,ACTIVE,true,GREEN_EXPANDING,NORMAL,2.80920000
2026-07-29,016707,13096,ETF,false,GREEN_SHRINKING,NORMAL,1.64380000
2026-07-29,016708,13097,ETF,false,GREEN_SHRINKING,NORMAL,1.62550000
2026-07-29,017093,13421,ETF,true,GREEN_EXPANDING,,2.68350000
2026-07-29,017189,13506,INDEX_ENHANCED,true,GREEN_SHRINKING,,1.86230000
2026-07-29,019172,15299,INDEX,true,GREEN_EXPANDING,,1.67300000
2026-07-29,019736,15828,INDEX,true,GREEN_EXPANDING,,1.42270000
2026-07-29,020608,16637,ETF,false,GREEN_EXPANDING,NORMAL,1.29900000
2026-07-29,021972,17940,ETF,false,GREEN_SHRINKING,,1.18200000
2026-07-29,025732,21520,ETF,false,GREEN_SHRINKING,,0.83480000
2026-07-29,026265,22033,ETF,false,,,0.83420000
2026-07-29,027521,23185,ETF,false,,,0.90160000
2026-07-29,110026,23860,ETF,true,GREEN_EXPANDING,NORMAL,3.42560000
2026-07-29,270042,25374,ETF,true,GREEN_EXPANDING,,8.05760000
2026-07-30,003765,2583,ETF,true,GREEN_EXPANDING,NORMAL,1.83460000
2026-07-30,006479,4420,ETF,true,GREEN_EXPANDING,,7.57780000
2026-07-30,007301,5128,ETF,true,GREEN_SHRINKING,NORMAL,3.89360000
2026-07-30,008087,5778,ETF,true,GREEN_EXPANDING,NORMAL,2.69550000
2026-07-30,008163,5838,ETF,true,RED_SHRINKING,,1.76980000
2026-07-30,008585,6170,ETF,true,GREEN_EXPANDING,NORMAL,1.63490000
2026-07-30,008888,6416,ETF,true,GREEN_SHRINKING,NORMAL,1.95730000
2026-07-30,010736,7967,INDEX_ENHANCED,true,GREEN_EXPANDING,NORMAL,1.22760000
2026-07-30,011608,8713,INDEX,true,GREEN_SHRINKING,NORMAL,1.29650000
2026-07-30,012920,9883,ACTIVE,true,GREEN_EXPANDING,NORMAL,3.61080000
2026-07-30,012922,9885,ACTIVE,true,GREEN_EXPANDING,NORMAL,3.53950000
2026-07-30,013308,10208,ETF,false,RED_SHRINKING,,1.15540000
2026-07-30,013446,10333,ACTIVE,true,GREEN_SHRINKING,NORMAL,1.58240000
2026-07-30,014978,11628,ETF,true,GREEN_EXPANDING,,7.60410000
2026-07-30,015879,12383,ETF,false,GREEN_SHRINKING,,0.73990000
2026-07-30,016664,13060,ACTIVE,true,GREEN_EXPANDING,NORMAL,2.51740000
2026-07-30,016707,13096,ETF,false,GREEN_SHRINKING,NORMAL,1.67150000
2026-07-30,016708,13097,ETF,false,GREEN_SHRINKING,NORMAL,1.65280000
2026-07-30,017093,13421,ETF,true,GREEN_EXPANDING,,2.65520000
2026-07-30,017189,13506,INDEX_ENHANCED,true,GREEN_SHRINKING,,1.84350000
2026-07-30,019172,15299,INDEX,true,GREEN_EXPANDING,,1.65860000
2026-07-30,019736,15828,INDEX,true,GREEN_EXPANDING,,1.40990000
2026-07-30,020608,16637,ETF,false,GREEN_EXPANDING,NORMAL,1.30890000
2026-07-30,021972,17940,ETF,false,GREEN_SHRINKING,,1.19560000
2026-07-30,025732,21520,ETF,false,GREEN_SHRINKING,,0.84820000
2026-07-30,026265,22033,ETF,false,,,0.83280000
2026-07-30,027521,23185,ETF,false,,,0.90160000
2026-07-30,110026,23860,ETF,true,GREEN_EXPANDING,NORMAL,3.47660000
2026-07-30,270042,25374,ETF,true,GREEN_EXPANDING,,7.98150000
2026-07-31,003765,2583,ETF,false,GREEN_EXPANDING,NORMAL,1.76440000
2026-07-31,006479,4420,ETF,true,GREEN_EXPANDING,,7.41710000
2026-07-31,007301,5128,ETF,true,GREEN_EXPANDING,NORMAL,3.66720000
2026-07-31,008087,5778,ETF,true,GREEN_EXPANDING,NORMAL,2.50000000
2026-07-31,008163,5838,ETF,true,RED_SHRINKING,,1.78720000
2026-07-31,008585,6170,ETF,true,GREEN_EXPANDING,NORMAL,1.54460000
2026-07-31,008888,6416,ETF,true,GREEN_EXPANDING,NORMAL,1.85640000
2026-07-31,010736,7967,INDEX_ENHANCED,true,GREEN_EXPANDING,NORMAL,1.17720000
2026-07-31,011608,8713,INDEX,true,GREEN_EXPANDING,NORMAL,1.23050000
2026-07-31,012920,9883,ACTIVE,true,GREEN_EXPANDING,NORMAL,3.53190000
2026-07-31,012922,9885,ACTIVE,true,GREEN_EXPANDING,NORMAL,3.46210000
2026-07-31,013308,10208,ETF,false,RED_SHRINKING,,1.14170000
2026-07-31,013446,10333,ACTIVE,true,GREEN_EXPANDING,NORMAL,1.49520000
2026-07-31,014978,11628,ETF,true,GREEN_EXPANDING,,7.44580000
2026-07-31,015879,12383,ETF,false,GREEN_SHRINKING,,0.75060000
2026-07-31,016664,13060,ACTIVE,true,GREEN_EXPANDING,NORMAL,2.41780000
2026-07-31,016707,13096,ETF,false,GREEN_SHRINKING,NORMAL,1.66310000
2026-07-31,016708,13097,ETF,false,GREEN_SHRINKING,NORMAL,1.64450000
2026-07-31,017093,13421,ETF,true,GREEN_EXPANDING,,2.59970000
2026-07-31,017189,13506,INDEX_ENHANCED,true,GREEN_EXPANDING,,1.74720000
2026-07-31,019172,15299,INDEX,true,GREEN_EXPANDING,,1.62640000
2026-07-31,019736,15828,INDEX,true,GREEN_EXPANDING,,1.38190000
2026-07-31,020608,16637,ETF,false,GREEN_EXPANDING,NORMAL,1.27550000
2026-07-31,021972,17940,ETF,false,GREEN_SHRINKING,,1.20470000
2026-07-31,025732,21520,ETF,false,GREEN_SHRINKING,,0.83590000
2026-07-31,026265,22033,ETF,false,,,0.81290000
2026-07-31,027521,23185,ETF,false,,,0.85080000
2026-07-31,110026,23860,ETF,false,GREEN_EXPANDING,NORMAL,3.34580000
2026-07-31,270042,25374,ETF,true,GREEN_EXPANDING,,7.81800000
2026-08-03,003765,2583,ETF,true,GREEN_EXPANDING,NORMAL,1.81490000
2026-08-03,006479,4420,ETF,true,GREEN_EXPANDING,,7.66370000
2026-08-03,007301,5128,ETF,true,GREEN_EXPANDING,NORMAL,3.76810000
2026-08-03,008087,5778,ETF,true,GREEN_EXPANDING,NORMAL,2.60560000
2026-08-03,008163,5838,ETF,true,RED_EXPANDING,,1.77530000
2026-08-03,008585,6170,ETF,true,GREEN_EXPANDING,NORMAL,1.62100000
2026-08-03,008888,6416,ETF,true,GREEN_EXPANDING,NORMAL,1.90590000
2026-08-03,010736,7967,INDEX_ENHANCED,true,GREEN_EXPANDING,NORMAL,1.20810000
2026-08-03,011608,8713,INDEX,true,GREEN_SHRINKING,NORMAL,1.26550000
2026-08-03,012920,9883,ACTIVE,true,GREEN_EXPANDING,NORMAL,3.56220000
2026-08-03,012922,9885,ACTIVE,true,GREEN_EXPANDING,NORMAL,3.49160000
2026-08-03,013308,10208,ETF,false,RED_EXPANDING,,1.14720000
2026-08-03,013446,10333,ACTIVE,true,GREEN_SHRINKING,NORMAL,1.53830000
2026-08-03,014978,11628,ETF,true,GREEN_EXPANDING,,7.69120000
2026-08-03,015879,12383,ETF,false,GREEN_SHRINKING,,0.74960000
2026-08-03,016664,13060,ACTIVE,true,GREEN_EXPANDING,NORMAL,2.36620000
2026-08-03,016707,13096,ETF,false,GREEN_SHRINKING,NORMAL,1.69550000
2026-08-03,016708,13097,ETF,false,GREEN_SHRINKING,NORMAL,1.67650000
2026-08-03,017093,13421,ETF,true,GREEN_EXPANDING,,2.70270000
2026-08-03,017189,13506,INDEX_ENHANCED,true,GREEN_EXPANDING,,1.80040000
2026-08-03,019172,15299,INDEX,true,GREEN_EXPANDING,,1.67660000
2026-08-03,019736,15828,INDEX,true,GREEN_EXPANDING,,1.42560000
2026-08-03,020608,16637,ETF,false,GREEN_EXPANDING,NORMAL,1.34610000
2026-08-03,021972,17940,ETF,false,GREEN_SHRINKING,,1.19490000
2026-08-03,025732,21520,ETF,,GREEN_SHRINKING,,0.84590000
2026-08-03,026265,22033,ETF,,,,0.82310000
2026-08-03,027521,23185,ETF,,,,0.89130000
2026-08-03,110026,23860,ETF,true,GREEN_EXPANDING,NORMAL,3.44200000
2026-08-03,270042,25374,ETF,true,GREEN_EXPANDING,,8.06890000
2026-08-04,003765,2583,ETF,false,GREEN_EXPANDING,NORMAL,1.79290000
2026-08-04,006479,4420,ETF,true,GREEN_EXPANDING,,7.70770000
2026-08-04,007301,5128,ETF,true,GREEN_EXPANDING,NORMAL,3.52240000
2026-08-04,008087,5778,ETF,true,GREEN_EXPANDING,NORMAL,2.56610000
2026-08-04,008163,5838,ETF,true,RED_EXPANDING,,1.77600000
2026-08-04,008585,6170,ETF,true,GREEN_EXPANDING,NORMAL,1.58410000
2026-08-04,008888,6416,ETF,true,GREEN_EXPANDING,NORMAL,1.78180000
2026-08-04,010736,7967,INDEX_ENHANCED,true,GREEN_EXPANDING,NORMAL,1.19410000
2026-08-04,011608,8713,INDEX,true,GREEN_EXPANDING,NORMAL,1.20430000
2026-08-04,012920,9883,ACTIVE,true,GREEN_EXPANDING,NORMAL,3.63560000
2026-08-04,012922,9885,ACTIVE,true,GREEN_EXPANDING,NORMAL,3.56330000
2026-08-04,013308,10208,ETF,false,RED_EXPANDING,,1.15840000
2026-08-04,013446,10333,ACTIVE,true,GREEN_EXPANDING,NORMAL,1.43420000
2026-08-04,014978,11628,ETF,true,GREEN_EXPANDING,,7.73700000
2026-08-04,015879,12383,ETF,false,GREEN_SHRINKING,,0.74850000
2026-08-04,016664,13060,ACTIVE,true,GREEN_EXPANDING,NORMAL,2.55720000
2026-08-04,016707,13096,ETF,false,GREEN_SHRINKING,NORMAL,1.68800000
2026-08-04,016708,13097,ETF,false,GREEN_SHRINKING,NORMAL,1.66910000
2026-08-04,017093,13421,ETF,true,GREEN_EXPANDING,,2.71290000
2026-08-04,017189,13506,INDEX_ENHANCED,true,GREEN_EXPANDING,,1.71190000
2026-08-04,019172,15299,INDEX,true,GREEN_EXPANDING,,1.68610000
2026-08-04,019736,15828,INDEX,true,GREEN_EXPANDING,,1.43370000
2026-08-04,020608,16637,ETF,false,GREEN_EXPANDING,NORMAL,1.35860000
2026-08-04,021972,17940,ETF,false,GREEN_SHRINKING,,1.18810000
2026-08-04,025732,21520,ETF,,GREEN_SHRINKING,,0.85950000
2026-08-04,026265,22033,ETF,,,,0.82210000
2026-08-04,027521,23185,ETF,,,,0.84930000
2026-08-04,110026,23860,ETF,true,GREEN_EXPANDING,NORMAL,3.40170000
2026-08-04,270042,25374,ETF,true,GREEN_EXPANDING,,8.11380000
2026-08-05,003765,2583,ETF,true,GREEN_EXPANDING,NORMAL,1.89100000
2026-08-05,006479,4420,ETF,true,GREEN_EXPANDING,,7.84450000
2026-08-05,007301,5128,ETF,true,GREEN_EXPANDING,NORMAL,3.69380000
2026-08-05,008087,5778,ETF,true,GREEN_EXPANDING,NORMAL,2.77020000
2026-08-05,008163,5838,ETF,true,RED_EXPANDING,,1.75300000
2026-08-05,008585,6170,ETF,true,GREEN_EXPANDING,NORMAL,1.67170000
2026-08-05,008888,6416,ETF,true,GREEN_EXPANDING,NORMAL,1.87210000
2026-08-05,010736,7967,INDEX_ENHANCED,true,GREEN_EXPANDING,NORMAL,1.25210000
2026-08-05,011608,8713,INDEX,true,GREEN_EXPANDING,NORMAL,1.25080000
2026-08-05,012920,9883,ACTIVE,true,GREEN_EXPANDING,NORMAL,3.63670000
2026-08-05,012922,9885,ACTIVE,true,GREEN_EXPANDING,NORMAL,3.56420000
2026-08-05,013308,10208,ETF,false,RED_EXPANDING,,1.16100000
2026-08-05,013446,10333,ACTIVE,true,GREEN_EXPANDING,NORMAL,1.50230000
2026-08-05,014978,11628,ETF,true,GREEN_EXPANDING,,7.87110000
2026-08-05,015879,12383,ETF,false,GREEN_SHRINKING,,0.73790000
2026-08-05,016664,13060,ACTIVE,true,GREEN_EXPANDING,NORMAL,2.52160000
2026-08-05,016707,13096,ETF,false,GREEN_SHRINKING,NORMAL,1.70670000
2026-08-05,016708,13097,ETF,false,GREEN_SHRINKING,NORMAL,1.68750000
2026-08-05,017093,13421,ETF,true,GREEN_EXPANDING,,2.77020000
2026-08-05,017189,13506,INDEX_ENHANCED,true,GREEN_EXPANDING,,1.77650000
2026-08-05,019172,15299,INDEX,true,GREEN_EXPANDING,,1.71440000
2026-08-05,019736,15828,INDEX,true,GREEN_EXPANDING,,1.45790000
2026-08-05,020608,16637,ETF,false,GREEN_SHRINKING,NORMAL,1.39160000
2026-08-05,021972,17940,ETF,false,GREEN_SHRINKING,,1.17850000
2026-08-05,025732,21520,ETF,,GREEN_SHRINKING,,0.86720000
2026-08-05,026265,22033,ETF,,,,0.84000000
2026-08-05,027521,23185,ETF,,,,0.89280000
2026-08-05,110026,23860,ETF,true,GREEN_EXPANDING,NORMAL,3.58260000
2026-08-05,270042,25374,ETF,true,GREEN_EXPANDING,,8.25310000
2026-08-06,003765,2583,ETF,true,GREEN_SHRINKING,NORMAL,1.91460000
2026-08-06,006479,4420,ETF,true,GREEN_SHRINKING,,8.10970000
2026-08-06,007301,5128,ETF,true,GREEN_EXPANDING,NORMAL,3.92040000
2026-08-06,008087,5778,ETF,true,GREEN_EXPANDING,NORMAL,2.81650000
2026-08-06,008163,5838,ETF,true,RED_EXPANDING,,1.74170000
2026-08-06,008585,6170,ETF,true,GREEN_EXPANDING,NORMAL,1.69620000
2026-08-06,008888,6416,ETF,true,GREEN_EXPANDING,NORMAL,1.98210000
2026-08-06,010736,7967,INDEX_ENHANCED,true,GREEN_EXPANDING,NORMAL,1.28050000
2026-08-06,011608,8713,INDEX,true,GREEN_EXPANDING,NORMAL,1.30730000
2026-08-06,012920,9883,ACTIVE,true,GREEN_EXPANDING,NORMAL,3.85020000
2026-08-06,012922,9885,ACTIVE,true,GREEN_EXPANDING,NORMAL,3.77340000
2026-08-06,013308,10208,ETF,false,RED_EXPANDING,,1.17160000
2026-08-06,013446,10333,ACTIVE,true,GREEN_EXPANDING,NORMAL,1.59160000
2026-08-06,014978,11628,ETF,true,GREEN_SHRINKING,,8.13290000
2026-08-06,015879,12383,ETF,false,GREEN_SHRINKING,,0.74460000
2026-08-06,016664,13060,ACTIVE,true,GREEN_EXPANDING,NORMAL,2.71670000
2026-08-06,016707,13096,ETF,true,GREEN_SHRINKING,NORMAL,1.79210000
2026-08-06,016708,13097,ETF,true,GREEN_SHRINKING,NORMAL,1.77200000
2026-08-06,017093,13421,ETF,true,GREEN_SHRINKING,,2.86740000
2026-08-06,017189,13506,INDEX_ENHANCED,true,GREEN_EXPANDING,,1.86400000
2026-08-06,019172,15299,INDEX,true,GREEN_SHRINKING,,1.76840000
2026-08-06,019736,15828,INDEX,true,GREEN_SHRINKING,,1.50420000
2026-08-06,020608,16637,ETF,false,GREEN_SHRINKING,NORMAL,1.42700000
2026-08-06,021972,17940,ETF,false,GREEN_SHRINKING,,1.17570000
2026-08-06,025732,21520,ETF,,GREEN_SHRINKING,,0.87490000
2026-08-06,026265,22033,ETF,,,,0.86110000
2026-08-06,027521,23185,ETF,,,,0.93560000
2026-08-06,110026,23860,ETF,true,GREEN_SHRINKING,NORMAL,3.62680000
2026-08-06,270042,25374,ETF,true,GREEN_SHRINKING,,8.52300000
2026-08-07,003765,2583,ETF,true,GREEN_SHRINKING,LOW_STABLE,1.90440000
2026-08-07,006479,4420,ETF,true,GREEN_SHRINKING,,8.03730000
2026-08-07,007301,5128,ETF,true,GREEN_EXPANDING,NORMAL,3.97890000
2026-08-07,008087,5778,ETF,true,GREEN_EXPANDING,NORMAL,2.85240000
2026-08-07,008163,5838,ETF,true,RED_EXPANDING,,1.74160000
2026-08-07,008585,6170,ETF,true,GREEN_EXPANDING,NORMAL,1.69290000
2026-08-07,008888,6416,ETF,true,GREEN_EXPANDING,NORMAL,2.00440000
2026-08-07,010736,7967,INDEX_ENHANCED,true,GREEN_EXPANDING,NORMAL,1.28460000
2026-08-07,011608,8713,INDEX,true,GREEN_EXPANDING,NORMAL,1.31290000
2026-08-07,012920,9883,ACTIVE,true,GREEN_EXPANDING,NORMAL,3.83320000
2026-08-07,012922,9885,ACTIVE,true,GREEN_EXPANDING,NORMAL,3.75670000
2026-08-07,013308,10208,ETF,false,RED_EXPANDING,,1.14630000
2026-08-07,013446,10333,ACTIVE,true,GREEN_EXPANDING,NORMAL,1.61050000
2026-08-07,014978,11628,ETF,true,GREEN_SHRINKING,,8.06320000
2026-08-07,015879,12383,ETF,false,GREEN_SHRINKING,,0.74480000
2026-08-07,016664,13060,ACTIVE,true,GREEN_EXPANDING,NORMAL,2.77450000
2026-08-07,016707,13096,ETF,true,GREEN_SHRINKING,NORMAL,1.80400000
2026-08-07,016708,13097,ETF,true,GREEN_SHRINKING,NORMAL,1.78370000
2026-08-07,017093,13421,ETF,true,GREEN_SHRINKING,,2.84860000
2026-08-07,017189,13506,INDEX_ENHANCED,true,GREEN_EXPANDING,,1.87220000
2026-08-07,019172,15299,INDEX,true,GREEN_SHRINKING,,1.75400000
2026-08-07,019736,15828,INDEX,true,GREEN_SHRINKING,,1.49180000
2026-08-07,020608,16637,ETF,false,GREEN_SHRINKING,NORMAL,1.41770000
2026-08-07,021972,17940,ETF,false,GREEN_SHRINKING,,1.16810000
2026-08-07,025732,21520,ETF,,GREEN_SHRINKING,,0.87640000
2026-08-07,026265,22033,ETF,,,,0.85050000
2026-08-07,027521,23185,ETF,,,,0.94600000
2026-08-07,110026,23860,ETF,true,GREEN_EXPANDING,LOW_STABLE,3.60770000
2026-08-07,270042,25374,ETF,true,GREEN_SHRINKING,,8.44950000
2026-08-10,003765,2583,ETF,true,GREEN_SHRINKING,LOW_STABLE,1.92910000
2026-08-10,006479,4420,ETF,true,GREEN_SHRINKING,,8.00620000
2026-08-10,007301,5128,ETF,true,GREEN_EXPANDING,NORMAL,4.10680000
2026-08-10,008087,5778,ETF,true,GREEN_EXPANDING,NORMAL,2.92750000
2026-08-10,008163,5838,ETF,false,RED_SHRINKING,,1.73520000
2026-08-10,008585,6170,ETF,true,GREEN_EXPANDING,NORMAL,1.70780000
2026-08-10,008888,6416,ETF,true,GREEN_EXPANDING,NORMAL,2.06420000
2026-08-10,010736,7967,INDEX_ENHANCED,true,GREEN_SHRINKING,NORMAL,1.30910000
2026-08-10,011608,8713,INDEX,true,GREEN_EXPANDING,NORMAL,1.34440000
2026-08-10,012920,9883,ACTIVE,true,GREEN_EXPANDING,NORMAL,3.83190000
2026-08-10,012922,9885,ACTIVE,true,GREEN_EXPANDING,NORMAL,3.75530000
2026-08-10,013308,10208,ETF,false,RED_EXPANDING,,1.15470000
2026-08-10,013446,10333,ACTIVE,true,GREEN_EXPANDING,NORMAL,1.65970000
2026-08-10,014978,11628,ETF,true,GREEN_SHRINKING,,8.03180000
2026-08-10,015879,12383,ETF,false,GREEN_SHRINKING,,0.74520000
2026-08-10,016664,13060,ACTIVE,true,GREEN_EXPANDING,NORMAL,2.73590000
2026-08-10,016707,13096,ETF,true,GREEN_SHRINKING,NORMAL,1.86090000
2026-08-10,016708,13097,ETF,true,GREEN_SHRINKING,NORMAL,1.83990000
2026-08-10,017093,13421,ETF,true,GREEN_SHRINKING,,2.84630000
2026-08-10,017189,13506,INDEX_ENHANCED,true,GREEN_EXPANDING,,1.91810000
2026-08-10,019172,15299,INDEX,true,GREEN_SHRINKING,,1.74770000
2026-08-10,019736,15828,INDEX,true,GREEN_SHRINKING,,1.48640000
2026-08-10,020608,16637,ETF,true,GREEN_SHRINKING,NORMAL,1.43360000
2026-08-10,021972,17940,ETF,false,GREEN_SHRINKING,,1.17470000
2026-08-10,025732,21520,ETF,,GREEN_SHRINKING,,0.88450000
2026-08-10,026265,22033,ETF,,,,0.86670000
2026-08-10,027521,23185,ETF,,,,0.97840000
2026-08-10,110026,23860,ETF,true,GREEN_SHRINKING,LOW_STABLE,3.65330000
2026-08-10,270042,25374,ETF,true,GREEN_SHRINKING,,8.41780000
2026-08-11,003765,2583,ETF,true,GREEN_SHRINKING,LOW_STABLE,1.91660000
2026-08-11,006479,4420,ETF,true,GREEN_SHRINKING,,8.10200000
2026-08-11,007301,5128,ETF,true,GREEN_EXPANDING,NORMAL,4.09020000
2026-08-11,008087,5778,ETF,true,GREEN_EXPANDING,NORMAL,2.86080000
2026-08-11,008163,5838,ETF,true,RED_EXPANDING,,1.74250000
2026-08-11,008585,6170,ETF,true,GREEN_EXPANDING,NORMAL,1.66250000
2026-08-11,008888,6416,ETF,true,GREEN_EXPANDING,NORMAL,2.05040000
2026-08-11,010736,7967,INDEX_ENHANCED,true,GREEN_EXPANDING,NORMAL,1.29650000
2026-08-11,011608,8713,INDEX,true,GREEN_EXPANDING,NORMAL,1.33990000
2026-08-11,012920,9883,ACTIVE,true,GREEN_EXPANDING,NORMAL,3.89500000
2026-08-11,012922,9885,ACTIVE,true,GREEN_EXPANDING,NORMAL,3.81710000
2026-08-11,013308,10208,ETF,false,RED_EXPANDING,,1.16830000
2026-08-11,013446,10333,ACTIVE,true,GREEN_EXPANDING,NORMAL,1.65110000
2026-08-11,014978,11628,ETF,true,GREEN_SHRINKING,,8.12620000
2026-08-11,015879,12383,ETF,false,RED_EXPANDING,,0.76300000
2026-08-11,016664,13060,ACTIVE,true,GREEN_EXPANDING,NORMAL,2.80310000
2026-08-11,016707,13096,ETF,true,GREEN_SHRINKING,NORMAL,1.89100000
2026-08-11,016708,13097,ETF,true,GREEN_SHRINKING,NORMAL,1.86970000
2026-08-11,017093,13421,ETF,true,GREEN_SHRINKING,,2.86910000
2026-08-11,017189,13506,INDEX_ENHANCED,true,GREEN_EXPANDING,,1.91010000
2026-08-11,019172,15299,INDEX,true,GREEN_SHRINKING,,1.76740000
2026-08-11,019736,15828,INDEX,true,GREEN_SHRINKING,,1.50320000
2026-08-11,020608,16637,ETF,false,GREEN_SHRINKING,NORMAL,1.41920000
2026-08-11,021972,17940,ETF,false,GREEN_SHRINKING,,1.18190000
2026-08-11,025732,21520,ETF,,GREEN_SHRINKING,,0.90500000
2026-08-11,026265,22033,ETF,,,,0.86630000
2026-08-11,027521,23185,ETF,,,,0.95630000
2026-08-11,110026,23860,ETF,true,GREEN_SHRINKING,LOW_STABLE,3.62490000
2026-08-11,270042,25374,ETF,true,GREEN_SHRINKING,,8.51540000
2026-08-12,003765,2583,ETF,true,GREEN_SHRINKING,LOW_STABLE,1.92280000
2026-08-12,006479,4420,ETF,true,GREEN_SHRINKING,,8.07230000
2026-08-12,007301,5128,ETF,true,GREEN_EXPANDING,NORMAL,4.04820000
2026-08-12,008087,5778,ETF,true,GREEN_EXPANDING,NORMAL,2.86030000
2026-08-12,008163,5838,ETF,true,RED_EXPANDING,,1.74070000
2026-08-12,008585,6170,ETF,true,GREEN_EXPANDING,NORMAL,1.66330000
2026-08-12,008888,6416,ETF,true,GREEN_EXPANDING,NORMAL,2.01930000
2026-08-12,010736,7967,INDEX_ENHANCED,true,GREEN_EXPANDING,NORMAL,1.28930000
2026-08-12,011608,8713,INDEX,true,GREEN_EXPANDING,NORMAL,1.31930000
2026-08-12,012920,9883,ACTIVE,true,GREEN_EXPANDING,NORMAL,3.80150000
2026-08-12,012922,9885,ACTIVE,true,GREEN_EXPANDING,NORMAL,3.72530000
2026-08-12,013308,10208,ETF,false,RED_EXPANDING,,1.14690000
2026-08-12,013446,10333,ACTIVE,true,GREEN_EXPANDING,NORMAL,1.63100000
2026-08-12,014978,11628,ETF,true,GREEN_SHRINKING,,8.09640000
2026-08-12,015879,12383,ETF,false,RED_EXPANDING,,0.75030000
2026-08-12,016664,13060,ACTIVE,true,GREEN_EXPANDING,NORMAL,2.74400000
2026-08-12,016707,13096,ETF,true,GREEN_SHRINKING,NORMAL,1.80650000
2026-08-12,016708,13097,ETF,true,GREEN_SHRINKING,NORMAL,1.78620000
2026-08-12,017093,13421,ETF,true,RED_EXPANDING,,2.84860000
2026-08-12,017189,13506,INDEX_ENHANCED,true,GREEN_EXPANDING,,1.87970000
2026-08-12,019172,15299,INDEX,true,GREEN_SHRINKING,,1.76140000
2026-08-12,019736,15828,INDEX,true,GREEN_SHRINKING,,1.49800000
2026-08-12,020608,16637,ETF,false,GREEN_SHRINKING,NORMAL,1.43370000
2026-08-12,021972,17940,ETF,false,GREEN_SHRINKING,,1.18300000
2026-08-12,025732,21520,ETF,,GREEN_SHRINKING,,0.88090000
2026-08-12,026265,22033,ETF,,,,0.87890000
2026-08-12,027521,23185,ETF,,,,0.95580000
2026-08-12,110026,23860,ETF,true,GREEN_SHRINKING,LOW_STABLE,3.63660000
2026-08-12,270042,25374,ETF,true,GREEN_SHRINKING,,8.48520000
2026-08-13,003765,2583,ETF,true,GREEN_SHRINKING,LOW_STABLE,1.95000000
2026-08-13,006479,4420,ETF,true,GREEN_SHRINKING,,8.04690000
2026-08-13,007301,5128,ETF,true,GREEN_EXPANDING,NORMAL,4.11550000
2026-08-13,008087,5778,ETF,true,GREEN_SHRINKING,NORMAL,2.94100000
2026-08-13,008163,5838,ETF,false,RED_SHRINKING,,1.73760000
2026-08-13,008585,6170,ETF,true,GREEN_EXPANDING,NORMAL,1.67860000
2026-08-13,008888,6416,ETF,true,GREEN_EXPANDING,NORMAL,2.05700000
2026-08-13,010736,7967,INDEX_ENHANCED,true,GREEN_EXPANDING,NORMAL,1.30290000
2026-08-13,011608,8713,INDEX,true,GREEN_EXPANDING,NORMAL,1.33940000
2026-08-13,012920,9883,ACTIVE,true,GREEN_EXPANDING,NORMAL,3.82240000
2026-08-13,012922,9885,ACTIVE,true,GREEN_EXPANDING,NORMAL,3.74590000
2026-08-13,013308,10208,ETF,false,RED_EXPANDING,,1.13610000
2026-08-13,013446,10333,ACTIVE,true,GREEN_EXPANDING,NORMAL,1.65890000
2026-08-13,014978,11628,ETF,true,GREEN_SHRINKING,,8.06780000
2026-08-13,015879,12383,ETF,false,RED_EXPANDING,,0.74950000
2026-08-13,016664,13060,ACTIVE,true,GREEN_EXPANDING,NORMAL,2.74720000
2026-08-13,016707,13096,ETF,true,GREEN_SHRINKING,NORMAL,1.82540000
2026-08-13,016708,13097,ETF,true,GREEN_SHRINKING,NORMAL,1.80480000
2026-08-13,017093,13421,ETF,true,GREEN_EXPANDING,,2.83380000
2026-08-13,017189,13506,INDEX_ENHANCED,true,GREEN_EXPANDING,,1.90920000
2026-08-13,019172,15299,INDEX,true,GREEN_SHRINKING,,1.75640000
2026-08-13,019736,15828,INDEX,true,GREEN_SHRINKING,,1.49380000
2026-08-13,020608,16637,ETF,false,GREEN_SHRINKING,NORMAL,1.42730000
2026-08-13,021972,17940,ETF,false,GREEN_SHRINKING,,1.17540000
2026-08-13,025732,21520,ETF,,GREEN_SHRINKING,,0.89140000
2026-08-13,026265,22033,ETF,,,,0.89040000
2026-08-13,027521,23185,ETF,,,,0.96500000
2026-08-13,110026,23860,ETF,true,GREEN_SHRINKING,LOW_STABLE,3.68790000
2026-08-13,270042,25374,ETF,true,GREEN_SHRINKING,,8.45940000
2026-08-14,003765,2583,ETF,true,GREEN_SHRINKING,LOW_STABLE,1.94170000
2026-08-14,006479,4420,ETF,true,GREEN_SHRINKING,,8.10500000
2026-08-14,007301,5128,ETF,true,GREEN_EXPANDING,NORMAL,4.05020000
2026-08-14,008087,5778,ETF,true,GREEN_SHRINKING,NORMAL,3.00590000
2026-08-14,008163,5838,ETF,false,RED_SHRINKING,,1.73310000
2026-08-14,008585,6170,ETF,true,GREEN_EXPANDING,NORMAL,1.67440000
2026-08-14,008888,6416,ETF,true,GREEN_EXPANDING,NORMAL,2.02970000
2026-08-14,010736,7967,INDEX_ENHANCED,true,GREEN_SHRINKING,NORMAL,1.30490000
2026-08-14,011608,8713,INDEX,true,GREEN_EXPANDING,NORMAL,1.32540000
2026-08-14,012920,9883,ACTIVE,true,GREEN_EXPANDING,NORMAL,3.95050000
2026-08-14,012922,9885,ACTIVE,true,GREEN_EXPANDING,NORMAL,3.87120000
2026-08-14,013308,10208,ETF,false,RED_EXPANDING,,1.13970000
2026-08-14,013446,10333,ACTIVE,true,GREEN_EXPANDING,NORMAL,1.64090000
2026-08-14,014978,11628,ETF,true,GREEN_SHRINKING,,8.21320000
2026-08-14,015879,12383,ETF,false,RED_EXPANDING,,0.74390000
2026-08-14,016664,13060,ACTIVE,true,GREEN_SHRINKING,NORMAL,2.86210000
2026-08-14,016707,13096,ETF,false,GREEN_SHRINKING,NORMAL,1.75960000
2026-08-14,016708,13097,ETF,false,GREEN_SHRINKING,NORMAL,1.73970000
2026-08-14,017093,13421,ETF,true,RED_EXPANDING,,2.84630000
2026-08-14,017189,13506,INDEX_ENHANCED,true,GREEN_EXPANDING,,1.88890000
2026-08-14,019172,15299,INDEX,true,GREEN_SHRINKING,,1.76810000
2026-08-14,019736,15828,INDEX,true,GREEN_SHRINKING,,1.50370000
2026-08-14,020608,16637,ETF,false,GREEN_SHRINKING,NORMAL,1.40470000
2026-08-14,021972,17940,ETF,false,GREEN_SHRINKING,,1.16600000
2026-08-14,025732,21520,ETF,,GREEN_SHRINKING,,0.88620000
2026-08-14,026265,22033,ETF,,,,0.88560000
2026-08-14,027521,23185,ETF,,,,0.95190000
2026-08-14,110026,23860,ETF,true,GREEN_SHRINKING,LOW_STABLE,3.67260000
2026-08-14,270042,25374,ETF,true,GREEN_SHRINKING,,8.61490000
2026-08-17,003765,2583,ETF,true,GREEN_SHRINKING,LOW_STABLE,1.96240000
2026-08-17,006479,4420,ETF,true,GREEN_SHRINKING,,8.19950000
2026-08-17,007301,5128,ETF,true,GREEN_EXPANDING,NORMAL,4.07820000
2026-08-17,008087,5778,ETF,true,GREEN_SHRINKING,NORMAL,3.00590000
2026-08-17,008163,5838,ETF,false,RED_SHRINKING,,1.73310000
2026-08-17,008585,6170,ETF,true,GREEN_EXPANDING,NORMAL,1.68910000
2026-08-17,008888,6416,ETF,true,GREEN_EXPANDING,NORMAL,2.04620000
2026-08-17,010736,7967,INDEX_ENHANCED,true,GREEN_SHRINKING,NORMAL,1.30490000
2026-08-17,011608,8713,INDEX,true,GREEN_EXPANDING,NORMAL,1.32540000
2026-08-17,012920,9883,ACTIVE,true,GREEN_EXPANDING,NORMAL,3.95050000
2026-08-17,012922,9885,ACTIVE,true,GREEN_EXPANDING,NORMAL,3.87120000
2026-08-17,013308,10208,ETF,false,RED_SHRINKING,,1.12020000
2026-08-17,013446,10333,ACTIVE,true,GREEN_EXPANDING,NORMAL,1.64090000
2026-08-17,014978,11628,ETF,true,GREEN_SHRINKING,,8.21320000
2026-08-17,015879,12383,ETF,false,RED_EXPANDING,,0.73450000
2026-08-17,016664,13060,ACTIVE,true,GREEN_SHRINKING,NORMAL,2.87880000
2026-08-17,016707,13096,ETF,true,GREEN_SHRINKING,NORMAL,1.77990000
2026-08-17,016708,13097,ETF,true,GREEN_SHRINKING,NORMAL,1.75980000
2026-08-17,017093,13421,ETF,true,RED_EXPANDING,,2.88370000
2026-08-17,017189,13506,INDEX_ENHANCED,true,GREEN_EXPANDING,,1.88990000
2026-08-17,017730,14005,ACTIVE,true,GREEN_EXPANDING,NORMAL,4.17670000
2026-08-17,019172,15299,INDEX,true,GREEN_SHRINKING,,1.78730000
2026-08-17,019736,15828,INDEX,true,GREEN_SHRINKING,,1.52020000
2026-08-17,020608,16637,ETF,false,GREEN_SHRINKING,NORMAL,1.40990000
2026-08-17,021972,17940,ETF,false,GREEN_SHRINKING,,1.17220000
2026-08-17,025732,21520,ETF,,GREEN_SHRINKING,,0.89250000
2026-08-17,026265,22033,ETF,,,,0.88470000
2026-08-17,027521,23185,ETF,,,,0.96240000
2026-08-17,110026,23860,ETF,true,GREEN_SHRINKING,LOW_STABLE,3.71160000
2026-08-17,270042,25374,ETF,true,GREEN_SHRINKING,,8.61490000
2026-08-18,003765,2583,ETF,true,GREEN_SHRINKING,LOW_STABLE,2.02100000
2026-08-18,006479,4420,ETF,true,GREEN_SHRINKING,,8.18790000
2026-08-18,007301,5128,ETF,true,GREEN_SHRINKING,NORMAL,4.27620000
2026-08-18,008087,5778,ETF,true,GREEN_SHRINKING,NORMAL,3.12260000
2026-08-18,008163,5838,ETF,false,RED_SHRINKING,,1.72980000
2026-08-18,008585,6170,ETF,true,GREEN_SHRINKING,NORMAL,1.74170000
2026-08-18,008888,6416,ETF,true,GREEN_SHRINKING,NORMAL,2.14320000
2026-08-18,010736,7967,INDEX_ENHANCED,true,GREEN_SHRINKING,NORMAL,1.34480000
2026-08-18,011608,8713,INDEX,true,GREEN_SHRINKING,NORMAL,1.37740000
2026-08-18,012920,9883,ACTIVE,true,GREEN_EXPANDING,NORMAL,3.96330000
2026-08-18,012922,9885,ACTIVE,true,GREEN_EXPANDING,NORMAL,3.88380000
2026-08-18,013308,10208,ETF,false,RED_EXPANDING,,1.13690000
2026-08-18,013446,10333,ACTIVE,true,GREEN_SHRINKING,NORMAL,1.71980000
2026-08-18,014978,11628,ETF,true,GREEN_SHRINKING,,8.20040000
2026-08-18,015879,12383,ETF,false,RED_EXPANDING,,0.74260000
2026-08-18,016664,13060,ACTIVE,true,GREEN_SHRINKING,NORMAL,2.92520000
2026-08-18,016707,13096,ETF,true,GREEN_SHRINKING,NORMAL,1.83070000
2026-08-18,016708,13097,ETF,true,GREEN_SHRINKING,NORMAL,1.81000000
2026-08-18,017093,13421,ETF,true,RED_EXPANDING,,2.87550000
2026-08-18,017189,13506,INDEX_ENHANCED,true,GREEN_SHRINKING,,1.96170000
2026-08-18,017730,14005,ACTIVE,true,GREEN_EXPANDING,NORMAL,4.18850000
2026-08-18,019172,15299,INDEX,true,GREEN_SHRINKING,,1.78490000
2026-08-18,019736,15828,INDEX,true,GREEN_SHRINKING,,1.51820000
2026-08-18,020608,16637,ETF,true,GREEN_SHRINKING,NORMAL,1.44040000
2026-08-18,021972,17940,ETF,false,GREEN_SHRINKING,,1.18760000
2026-08-18,025732,21520,ETF,,GREEN_SHRINKING,,0.90850000
2026-08-18,026265,22033,ETF,,,,0.90650000
2026-08-18,027521,23185,ETF,,,,1.00990000
2026-08-18,110026,23860,ETF,true,GREEN_SHRINKING,LOW_STABLE,3.82210000
2026-08-18,270042,25374,ETF,true,GREEN_SHRINKING,,8.60300000
2026-08-19,003765,2583,ETF,true,GREEN_SHRINKING,LOW_STABLE,2.00260000
2026-08-19,006479,4420,ETF,true,GREEN_SHRINKING,,8.17320000
2026-08-19,007301,5128,ETF,true,GREEN_SHRINKING,NORMAL,4.27870000
2026-08-19,008087,5778,ETF,true,GREEN_SHRINKING,NORMAL,3.08110000
2026-08-19,008163,5838,ETF,false,RED_SHRINKING,,1.73230000
2026-08-19,008585,6170,ETF,true,GREEN_SHRINKING,NORMAL,1.71750000
2026-08-19,008888,6416,ETF,true,GREEN_SHRINKING,NORMAL,2.14420000
2026-08-19,010736,7967,INDEX_ENHANCED,true,GREEN_SHRINKING,NORMAL,1.32850000
2026-08-19,011608,8713,INDEX,true,GREEN_SHRINKING,NORMAL,1.37890000
2026-08-19,012920,9883,ACTIVE,true,GREEN_SHRINKING,NORMAL,4.09040000
2026-08-19,012922,9885,ACTIVE,true,GREEN_SHRINKING,NORMAL,4.00820000
2026-08-19,013308,10208,ETF,false,RED_EXPANDING,,1.12790000
2026-08-19,013446,10333,ACTIVE,true,GREEN_SHRINKING,NORMAL,1.71790000
2026-08-19,014978,11628,ETF,true,GREEN_SHRINKING,,8.18480000
2026-08-19,015879,12383,ETF,false,RED_EXPANDING,,0.76130000
2026-08-19,016664,13060,ACTIVE,true,GREEN_SHRINKING,NORMAL,3.07700000
2026-08-19,016707,13096,ETF,true,GREEN_SHRINKING,NORMAL,1.81800000
2026-08-19,016708,13097,ETF,true,GREEN_SHRINKING,NORMAL,1.79740000
2026-08-19,017093,13421,ETF,true,RED_SHRINKING,,2.86770000
2026-08-19,017189,13506,INDEX_ENHANCED,true,GREEN_SHRINKING,,1.96670000
2026-08-19,017730,14005,ACTIVE,true,GREEN_SHRINKING,NORMAL,4.32510000
2026-08-19,019172,15299,INDEX,true,GREEN_SHRINKING,,1.78190000
2026-08-19,019736,15828,INDEX,true,GREEN_SHRINKING,,1.51560000
2026-08-19,020608,16637,ETF,true,GREEN_SHRINKING,NORMAL,1.45700000
2026-08-19,021972,17940,ETF,false,GREEN_SHRINKING,,1.19560000
2026-08-19,025732,21520,ETF,,GREEN_SHRINKING,,0.90040000
2026-08-19,026265,22033,ETF,,,,0.90070000
2026-08-19,027521,23185,ETF,,,,1.00150000
2026-08-19,110026,23860,ETF,true,GREEN_SHRINKING,LOW_STABLE,3.78850000
2026-08-19,270042,25374,ETF,true,GREEN_SHRINKING,,8.58820000
2026-08-20,003765,2583,ETF,true,GREEN_EXPANDING,LOW_STABLE,1.88280000
2026-08-20,006479,4420,ETF,true,GREEN_EXPANDING,,8.03710000
2026-08-20,007301,5128,ETF,true,GREEN_EXPANDING,NORMAL,3.96860000
2026-08-20,008087,5778,ETF,true,GREEN_EXPANDING,NORMAL,2.84960000
2026-08-20,008163,5838,ETF,true,RED_EXPANDING,,1.74190000
2026-08-20,008585,6170,ETF,true,GREEN_EXPANDING,NORMAL,1.60070000
2026-08-20,008888,6416,ETF,true,GREEN_EXPANDING,NORMAL,1.98580000
2026-08-20,010736,7967,INDEX_ENHANCED,true,GREEN_EXPANDING,NORMAL,1.26090000
2026-08-20,011608,8713,INDEX,true,GREEN_EXPANDING,NORMAL,1.28930000
2026-08-20,012920,9883,ACTIVE,true,GREEN_EXPANDING,NORMAL,3.91670000
2026-08-20,012922,9885,ACTIVE,true,GREEN_EXPANDING,NORMAL,3.83790000
2026-08-20,013308,10208,ETF,false,RED_SHRINKING,,1.11430000
2026-08-20,013446,10333,ACTIVE,true,GREEN_EXPANDING,NORMAL,1.59220000
2026-08-20,014978,11628,ETF,true,GREEN_EXPANDING,,8.04970000
2026-08-20,015879,12383,ETF,false,RED_EXPANDING,,0.74620000
2026-08-20,016664,13060,ACTIVE,true,GREEN_SHRINKING,NORMAL,2.95300000
2026-08-20,016707,13096,ETF,false,GREEN_SHRINKING,NORMAL,1.76500000
2026-08-20,016708,13097,ETF,false,GREEN_SHRINKING,NORMAL,1.74490000
2026-08-20,017093,13421,ETF,true,GREEN_SHRINKING,,2.81560000
2026-08-20,017189,13506,INDEX_ENHANCED,true,GREEN_EXPANDING,,1.85000000
2026-08-20,017730,14005,ACTIVE,true,GREEN_EXPANDING,NORMAL,4.21260000
2026-08-20,019172,15299,INDEX,true,GREEN_EXPANDING,,1.75450000
2026-08-20,019736,15828,INDEX,true,GREEN_EXPANDING,,1.49220000
2026-08-20,020608,16637,ETF,false,GREEN_EXPANDING,NORMAL,1.35080000
2026-08-20,021972,17940,ETF,false,GREEN_SHRINKING,,1.19490000
2026-08-20,025732,21520,ETF,,GREEN_SHRINKING,,0.85680000
2026-08-20,026265,22033,ETF,,,,0.85740000
2026-08-20,027521,23185,ETF,,,,0.92480000
2026-08-20,110026,23860,ETF,true,GREEN_EXPANDING,LOW_STABLE,3.56430000
2026-08-20,270042,25374,ETF,true,GREEN_EXPANDING,,8.44980000
2026-08-21,003765,2583,ETF,true,GREEN_SHRINKING,NORMAL,1.89400000
2026-08-21,006479,4420,ETF,true,GREEN_EXPANDING,,8.01240000
2026-08-21,007301,5128,ETF,true,GREEN_EXPANDING,NORMAL,3.94700000
2026-08-21,008087,5778,ETF,true,GREEN_EXPANDING,NORMAL,2.87670000
2026-08-21,008163,5838,ETF,true,RED_EXPANDING,,1.74560000
2026-08-21,008585,6170,ETF,true,GREEN_EXPANDING,NORMAL,1.59170000
2026-08-21,008888,6416,ETF,true,GREEN_EXPANDING,NORMAL,1.96420000
2026-08-21,010736,7967,INDEX_ENHANCED,true,GREEN_EXPANDING,NORMAL,1.26550000
2026-08-21,011608,8713,INDEX,true,GREEN_EXPANDING,NORMAL,1.27860000
2026-08-21,012920,9883,ACTIVE,true,GREEN_EXPANDING,NORMAL,3.74820000
2026-08-21,012922,9885,ACTIVE,true,GREEN_EXPANDING,NORMAL,3.67270000
2026-08-21,013308,10208,ETF,false,RED_SHRINKING,,1.11810000
2026-08-21,013446,10333,ACTIVE,true,GREEN_EXPANDING,NORMAL,1.58040000
2026-08-21,014978,11628,ETF,true,GREEN_EXPANDING,,8.02490000
2026-08-21,015879,12383,ETF,false,RED_EXPANDING,,0.75540000
2026-08-21,016664,13060,ACTIVE,true,GREEN_EXPANDING,NORMAL,2.77900000
2026-08-21,016707,13096,ETF,true,GREEN_SHRINKING,NORMAL,1.78560000
2026-08-21,016708,13097,ETF,true,GREEN_SHRINKING,NORMAL,1.76530000
2026-08-21,017093,13421,ETF,true,GREEN_EXPANDING,,2.79580000
2026-08-21,017189,13506,INDEX_ENHANCED,true,GREEN_EXPANDING,,1.83300000
2026-08-21,017730,14005,ACTIVE,true,GREEN_EXPANDING,NORMAL,4.01150000
2026-08-21,019172,15299,INDEX,true,GREEN_EXPANDING,,1.74960000
2026-08-21,019736,15828,INDEX,true,GREEN_EXPANDING,,1.48800000
2026-08-21,020608,16637,ETF,false,GREEN_EXPANDING,NORMAL,1.34950000
2026-08-21,021972,17940,ETF,false,GREEN_SHRINKING,,1.20020000
2026-08-21,025732,21520,ETF,,GREEN_SHRINKING,,0.85120000
2026-08-21,026265,22033,ETF,,,,0.85340000
2026-08-21,027521,23185,ETF,,,,0.92540000
2026-08-21,110026,23860,ETF,true,GREEN_EXPANDING,NORMAL,3.58490000
2026-08-21,270042,25374,ETF,true,GREEN_EXPANDING,,8.42460000
2026-08-24,003765,2583,ETF,true,GREEN_SHRINKING,NORMAL,1.91970000
2026-08-24,006479,4420,ETF,true,GREEN_EXPANDING,,7.95020000
2026-08-24,007301,5128,ETF,true,GREEN_EXPANDING,NORMAL,3.95970000
2026-08-24,008087,5778,ETF,true,GREEN_SHRINKING,NORMAL,2.94430000
2026-08-24,008163,5838,ETF,false,RED_SHRINKING,,1.73530000
2026-08-24,008585,6170,ETF,true,GREEN_EXPANDING,NORMAL,1.61120000
2026-08-24,008888,6416,ETF,true,GREEN_EXPANDING,NORMAL,1.97650000
2026-08-24,010736,7967,INDEX_ENHANCED,true,GREEN_EXPANDING,NORMAL,1.28980000
2026-08-24,011608,8713,INDEX,true,GREEN_EXPANDING,NORMAL,1.27910000
2026-08-24,012920,9883,ACTIVE,true,GREEN_EXPANDING,NORMAL,3.77050000
2026-08-24,012922,9885,ACTIVE,true,GREEN_EXPANDING,NORMAL,3.69450000
2026-08-24,013308,10208,ETF,false,RED_EXPANDING,,1.13290000
2026-08-24,013446,10333,ACTIVE,true,GREEN_EXPANDING,NORMAL,1.58620000
2026-08-24,014978,11628,ETF,true,GREEN_EXPANDING,,7.96180000
2026-08-24,015879,12383,ETF,false,RED_EXPANDING,,0.74320000
2026-08-24,016664,13060,ACTIVE,true,GREEN_SHRINKING,NORMAL,2.81770000
2026-08-24,016707,13096,ETF,true,GREEN_SHRINKING,NORMAL,1.83480000
2026-08-24,016708,13097,ETF,true,GREEN_SHRINKING,NORMAL,1.81400000
2026-08-24,017093,13421,ETF,true,GREEN_EXPANDING,,2.78650000
2026-08-24,017189,13506,INDEX_ENHANCED,true,GREEN_EXPANDING,,1.83360000
2026-08-24,017730,14005,ACTIVE,true,GREEN_EXPANDING,NORMAL,4.04400000
2026-08-24,019172,15299,INDEX,true,GREEN_EXPANDING,,1.73700000
2026-08-24,019736,15828,INDEX,true,GREEN_EXPANDING,,1.47690000
2026-08-24,020608,16637,ETF,false,GREEN_EXPANDING,NORMAL,1.35530000
2026-08-24,021972,17940,ETF,false,GREEN_SHRINKING,,1.21900000
2026-08-24,025732,21520,ETF,,GREEN_SHRINKING,,0.85580000
2026-08-24,026265,22033,ETF,,,,0.87300000
2026-08-24,027521,23185,ETF,,,,0.93100000
2026-08-24,110026,23860,ETF,true,GREEN_SHRINKING,NORMAL,3.63350000
2026-08-24,270042,25374,ETF,true,GREEN_EXPANDING,,8.36140000
2026-08-25,003765,2583,ETF,true,GREEN_EXPANDING,NORMAL,1.86090000
2026-08-25,006479,4420,ETF,true,GREEN_EXPANDING,,7.97750000
2026-08-25,007301,5128,ETF,true,GREEN_EXPANDING,NORMAL,3.84080000
2026-08-25,008087,5778,ETF,true,GREEN_EXPANDING,NORMAL,2.81870000
2026-08-25,008163,5838,ETF,true,RED_EXPANDING,,1.74550000
2026-08-25,008585,6170,ETF,true,GREEN_EXPANDING,NORMAL,1.54360000
2026-08-25,008888,6416,ETF,true,GREEN_EXPANDING,NORMAL,1.90840000
2026-08-25,010736,7967,INDEX_ENHANCED,true,GREEN_EXPANDING,NORMAL,1.25240000
2026-08-25,011608,8713,INDEX,true,GREEN_EXPANDING,NORMAL,1.24170000
2026-08-25,012920,9883,ACTIVE,true,GREEN_EXPANDING,NORMAL,3.80280000
2026-08-25,012922,9885,ACTIVE,true,GREEN_EXPANDING,NORMAL,3.72610000
2026-08-25,013308,10208,ETF,false,RED_SHRINKING,,1.09460000
2026-08-25,013446,10333,ACTIVE,true,GREEN_EXPANDING,NORMAL,1.53550000
2026-08-25,014978,11628,ETF,true,GREEN_EXPANDING,,7.98780000
2026-08-25,015879,12383,ETF,false,RED_EXPANDING,,0.74310000
2026-08-25,016664,13060,ACTIVE,true,GREEN_SHRINKING,NORMAL,2.84860000
2026-08-25,016707,13096,ETF,true,RED_EXPANDING,NORMAL,1.83940000
2026-08-25,016708,13097,ETF,true,RED_EXPANDING,NORMAL,1.81840000
2026-08-25,017093,13421,ETF,true,GREEN_EXPANDING,,2.78880000
2026-08-25,017189,13506,INDEX_ENHANCED,true,GREEN_EXPANDING,,1.78420000
2026-08-25,017730,14005,ACTIVE,true,GREEN_EXPANDING,NORMAL,4.07040000
2026-08-25,019172,15299,INDEX,true,GREEN_EXPANDING,,1.74260000
2026-08-25,019736,15828,INDEX,true,GREEN_EXPANDING,,1.48180000
2026-08-25,020608,16637,ETF,false,GREEN_EXPANDING,NORMAL,1.31970000
2026-08-25,021972,17940,ETF,false,RED_EXPANDING,,1.22550000
2026-08-25,025732,21520,ETF,,GREEN_SHRINKING,,0.84690000
2026-08-25,026265,22033,ETF,,,,0.86430000
2026-08-25,027521,23185,ETF,,,,0.88900000
2026-08-25,110026,23860,ETF,true,GREEN_EXPANDING,NORMAL,3.52300000
2026-08-25,270042,25374,ETF,true,GREEN_EXPANDING,,8.38910000
2026-08-26,003765,2583,ETF,true,GREEN_EXPANDING,NORMAL,1.84330000
2026-08-26,006479,4420,ETF,true,GREEN_EXPANDING,,7.90070000
2026-08-26,007301,5128,ETF,true,GREEN_EXPANDING,NORMAL,3.83010000
2026-08-26,008087,5778,ETF,true,GREEN_EXPANDING,NORMAL,2.82730000
2026-08-26,008163,5838,ETF,true,RED_EXPANDING,,1.74670000
2026-08-26,008585,6170,ETF,true,GREEN_EXPANDING,NORMAL,1.55220000
2026-08-26,008888,6416,ETF,true,GREEN_EXPANDING,NORMAL,1.91180000
2026-08-26,010736,7967,INDEX_ENHANCED,true,GREEN_EXPANDING,NORMAL,1.24400000
2026-08-26,011608,8713,INDEX,true,GREEN_EXPANDING,NORMAL,1.24350000
2026-08-26,012920,9883,ACTIVE,true,GREEN_EXPANDING,NORMAL,3.68370000
2026-08-26,012922,9885,ACTIVE,true,GREEN_EXPANDING,NORMAL,3.60930000
2026-08-26,013308,10208,ETF,false,RED_SHRINKING,,1.09430000
2026-08-26,013446,10333,ACTIVE,true,GREEN_EXPANDING,NORMAL,1.53640000
2026-08-26,014978,11628,ETF,true,GREEN_EXPANDING,,7.91180000
2026-08-26,015879,12383,ETF,false,RED_EXPANDING,,0.75150000
2026-08-26,016664,13060,ACTIVE,true,GREEN_EXPANDING,NORMAL,2.73750000
2026-08-26,016707,13096,ETF,true,GREEN_SHRINKING,NORMAL,1.79190000
2026-08-26,016708,13097,ETF,true,GREEN_SHRINKING,NORMAL,1.77150000
2026-08-26,017093,13421,ETF,true,GREEN_EXPANDING,,2.76100000
2026-08-26,017189,13506,INDEX_ENHANCED,true,GREEN_EXPANDING,,1.78610000
2026-08-26,017730,14005,ACTIVE,true,GREEN_EXPANDING,NORMAL,3.94740000
2026-08-26,019172,15299,INDEX,true,GREEN_EXPANDING,,1.72720000
2026-08-26,019736,15828,INDEX,true,GREEN_EXPANDING,,1.46860000
2026-08-26,020608,16637,ETF,false,GREEN_EXPANDING,NORMAL,1.34290000
2026-08-26,021972,17940,ETF,false,RED_EXPANDING,,1.22420000
2026-08-26,025732,21520,ETF,,GREEN_SHRINKING,,0.85420000
2026-08-26,026265,22033,ETF,,,,0.86660000
2026-08-26,027521,23185,ETF,,,,0.89680000
2026-08-26,110026,23860,ETF,true,GREEN_EXPANDING,NORMAL,3.49010000
2026-08-26,270042,25374,ETF,true,GREEN_EXPANDING,,8.31120000
2026-08-27,003765,2583,ETF,true,GREEN_EXPANDING,NORMAL,1.85210000
2026-08-27,006479,4420,ETF,true,GREEN_EXPANDING,,7.95040000
2026-08-27,007301,5128,ETF,true,GREEN_EXPANDING,NORMAL,3.86830000
2026-08-27,008087,5778,ETF,true,GREEN_EXPANDING,NORMAL,2.84310000
2026-08-27,008163,5838,ETF,true,RED_EXPANDING,,1.75100000
2026-08-27,008585,6170,ETF,true,GREEN_EXPANDING,NORMAL,1.55880000
2026-08-27,008888,6416,ETF,true,GREEN_EXPANDING,NORMAL,1.93270000
2026-08-27,010736,7967,INDEX_ENHANCED,true,GREEN_EXPANDING,NORMAL,1.25430000
2026-08-27,011608,8713,INDEX,true,GREEN_EXPANDING,NORMAL,1.26350000
2026-08-27,012920,9883,ACTIVE,true,GREEN_EXPANDING,NORMAL,3.71310000
2026-08-27,012922,9885,ACTIVE,true,GREEN_EXPANDING,NORMAL,3.63800000
2026-08-27,013308,10208,ETF,false,RED_SHRINKING,,1.10190000
2026-08-27,013446,10333,ACTIVE,true,GREEN_EXPANDING,NORMAL,1.55520000
2026-08-27,014978,11628,ETF,true,GREEN_EXPANDING,,7.96140000
2026-08-27,015879,12383,ETF,false,RED_EXPANDING,,0.75610000
2026-08-27,016664,13060,ACTIVE,true,GREEN_EXPANDING,NORMAL,2.74940000
2026-08-27,016707,13096,ETF,true,RED_EXPANDING,NORMAL,1.82860000
2026-08-27,016708,13097,ETF,true,RED_EXPANDING,NORMAL,1.80770000
2026-08-27,017093,13421,ETF,true,GREEN_EXPANDING,,2.78280000
2026-08-27,017189,13506,INDEX_ENHANCED,true,GREEN_EXPANDING,,1.81430000
2026-08-27,017730,14005,ACTIVE,true,GREEN_EXPANDING,NORMAL,3.98700000
2026-08-27,019172,15299,INDEX,true,GREEN_EXPANDING,,1.73780000
2026-08-27,019736,15828,INDEX,true,GREEN_EXPANDING,,1.47770000
2026-08-27,020608,16637,ETF,false,GREEN_EXPANDING,NORMAL,1.33800000
2026-08-27,021972,17940,ETF,false,RED_EXPANDING,,1.22360000
2026-08-27,025732,21520,ETF,,GREEN_SHRINKING,,0.85620000
2026-08-27,026265,22033,ETF,,,,0.87720000
2026-08-27,027521,23185,ETF,,,,0.90200000
2026-08-27,110026,23860,ETF,true,GREEN_EXPANDING,NORMAL,3.50690000
2026-08-27,270042,25374,ETF,true,GREEN_EXPANDING,,8.36180000
2026-08-28,003765,2583,ETF,true,GREEN_SHRINKING,NORMAL,1.88230000
2026-08-28,006479,4420,ETF,true,GREEN_EXPANDING,,7.95260000
2026-08-28,007301,5128,ETF,true,GREEN_EXPANDING,NORMAL,4.02560000
2026-08-28,008087,5778,ETF,true,GREEN_SHRINKING,NORMAL,2.94660000
2026-08-28,008163,5838,ETF,true,RED_EXPANDING,,1.74160000
2026-08-28,008585,6170,ETF,true,GREEN_EXPANDING,NORMAL,1.61210000
2026-08-28,008888,6416,ETF,true,GREEN_EXPANDING,NORMAL,2.01120000
2026-08-28,010736,7967,INDEX_ENHANCED,true,GREEN_EXPANDING,NORMAL,1.28060000
2026-08-28,011608,8713,INDEX,true,GREEN_EXPANDING,NORMAL,1.30850000
2026-08-28,012920,9883,ACTIVE,true,GREEN_EXPANDING,NORMAL,3.72170000
2026-08-28,012922,9885,ACTIVE,true,GREEN_EXPANDING,NORMAL,3.64640000
2026-08-28,013308,10208,ETF,false,RED_SHRINKING,,1.10070000
2026-08-28,013446,10333,ACTIVE,true,GREEN_EXPANDING,NORMAL,1.61550000
2026-08-28,014978,11628,ETF,true,GREEN_EXPANDING,,7.96200000
2026-08-28,015879,12383,ETF,false,RED_EXPANDING,,0.76700000
2026-08-28,016664,13060,ACTIVE,true,GREEN_EXPANDING,NORMAL,2.76350000
2026-08-28,016707,13096,ETF,true,RED_EXPANDING,NORMAL,1.85300000
2026-08-28,016708,13097,ETF,true,RED_EXPANDING,NORMAL,1.83180000
2026-08-28,017093,13421,ETF,true,GREEN_EXPANDING,,2.78550000
2026-08-28,017189,13506,INDEX_ENHANCED,true,GREEN_EXPANDING,,1.88180000
2026-08-28,017730,14005,ACTIVE,true,GREEN_EXPANDING,NORMAL,4.02080000
2026-08-28,019172,15299,INDEX,true,GREEN_EXPANDING,,1.73810000
2026-08-28,019736,15828,INDEX,true,GREEN_EXPANDING,,1.47790000
2026-08-28,020608,16637,ETF,false,GREEN_SHRINKING,NORMAL,1.36350000
2026-08-28,021972,17940,ETF,true,RED_EXPANDING,,1.22910000
2026-08-28,025732,21520,ETF,,GREEN_SHRINKING,,0.87080000
2026-08-28,026265,22033,ETF,,,,0.87170000
2026-08-28,027521,23185,ETF,,,,0.94940000
2026-08-28,110026,23860,ETF,true,GREEN_EXPANDING,NORMAL,3.56370000
2026-08-28,270042,25374,ETF,true,GREEN_EXPANDING,,8.36410000
2026-08-31,003765,2583,ETF,true,GREEN_EXPANDING,NORMAL,1.85690000
2026-08-31,006479,4420,ETF,true,GREEN_SHRINKING,,8.06600000
2026-08-31,007301,5128,ETF,true,GREEN_EXPANDING,NORMAL,3.94260000
2026-08-31,008087,5778,ETF,true,GREEN_SHRINKING,NORMAL,2.90710000
2026-08-31,008163,5838,ETF,true,RED_EXPANDING,,1.74220000
2026-08-31,008585,6170,ETF,true,GREEN_EXPANDING,NORMAL,1.59530000
2026-08-31,008888,6416,ETF,true,GREEN_EXPANDING,NORMAL,1.96660000
2026-08-31,010736,7967,INDEX_ENHANCED,true,GREEN_EXPANDING,NORMAL,1.27520000
2026-08-31,011608,8713,INDEX,true,GREEN_EXPANDING,NORMAL,1.28560000
2026-08-31,012920,9883,ACTIVE,true,GREEN_EXPANDING,NORMAL,3.81030000
2026-08-31,012922,9885,ACTIVE,true,GREEN_EXPANDING,NORMAL,3.73320000
2026-08-31,013308,10208,ETF,false,RED_SHRINKING,,1.09690000
2026-08-31,013446,10333,ACTIVE,true,GREEN_EXPANDING,NORMAL,1.58280000
2026-08-31,014978,11628,ETF,true,GREEN_SHRINKING,,8.07530000
2026-08-31,015879,12383,ETF,false,RED_EXPANDING,,0.77650000
2026-08-31,016664,13060,ACTIVE,true,GREEN_SHRINKING,NORMAL,2.85220000
2026-08-31,016707,13096,ETF,true,RED_EXPANDING,NORMAL,1.86510000
2026-08-31,016708,13097,ETF,true,RED_EXPANDING,NORMAL,1.84380000
2026-08-31,017093,13421,ETF,true,GREEN_EXPANDING,,2.84910000
2026-08-31,017189,13506,INDEX_ENHANCED,true,GREEN_EXPANDING,,1.84600000
2026-08-31,017730,14005,ACTIVE,true,GREEN_EXPANDING,NORMAL,4.11930000
2026-08-31,019172,15299,INDEX,true,GREEN_SHRINKING,,1.76160000
2026-08-31,019736,15828,INDEX,true,GREEN_SHRINKING,,1.49810000
2026-08-31,020608,16637,ETF,false,GREEN_SHRINKING,NORMAL,1.34810000
2026-08-31,021972,17940,ETF,true,RED_EXPANDING,,1.23110000
2026-08-31,025732,21520,ETF,,GREEN_SHRINKING,,0.87470000
2026-08-31,026265,22033,ETF,,,,0.85900000
2026-08-31,027521,23185,ETF,,,,0.93050000
2026-08-31,110026,23860,ETF,true,GREEN_EXPANDING,NORMAL,3.51630000
2026-08-31,270042,25374,ETF,true,GREEN_SHRINKING,,8.47950000
2026-09-01,003765,2583,ETF,true,GREEN_SHRINKING,NORMAL,1.86390000
2026-09-01,006479,4420,ETF,true,GREEN_EXPANDING,,8.00640000
2026-09-01,007301,5128,ETF,true,GREEN_SHRINKING,NORMAL,4.01410000
2026-09-01,008087,5778,ETF,true,GREEN_SHRINKING,NORMAL,2.95030000
2026-09-01,008163,5838,ETF,true,RED_EXPANDING,,1.74580000
2026-09-01,008585,6170,ETF,true,GREEN_SHRINKING,NORMAL,1.63700000
2026-09-01,008888,6416,ETF,true,GREEN_EXPANDING,NORMAL,1.99440000
2026-09-01,010736,7967,INDEX_ENHANCED,true,GREEN_EXPANDING,NORMAL,1.28300000
2026-09-01,011608,8713,INDEX,true,GREEN_EXPANDING,NORMAL,1.30210000
2026-09-01,012920,9883,ACTIVE,true,GREEN_EXPANDING,NORMAL,3.72870000
2026-09-01,012922,9885,ACTIVE,true,GREEN_EXPANDING,NORMAL,3.65320000
2026-09-01,013308,10208,ETF,false,RED_SHRINKING,,1.10020000
2026-09-01,013446,10333,ACTIVE,true,GREEN_EXPANDING,NORMAL,1.60740000
2026-09-01,014978,11628,ETF,true,GREEN_EXPANDING,,8.01480000
2026-09-01,015879,12383,ETF,false,RED_EXPANDING,,0.77320000
2026-09-01,016664,13060,ACTIVE,true,GREEN_EXPANDING,NORMAL,2.74800000
2026-09-01,016707,13096,ETF,true,RED_EXPANDING,NORMAL,1.83950000
2026-09-01,016708,13097,ETF,true,RED_EXPANDING,NORMAL,1.81840000
2026-09-01,017093,13421,ETF,true,GREEN_EXPANDING,,2.82810000
2026-09-01,017189,13506,INDEX_ENHANCED,true,GREEN_EXPANDING,,1.86630000
2026-09-01,017730,14005,ACTIVE,true,GREEN_EXPANDING,NORMAL,4.02210000
2026-09-01,019172,15299,INDEX,true,GREEN_EXPANDING,,1.74940000
2026-09-01,019736,15828,INDEX,true,GREEN_EXPANDING,,1.48750000
2026-09-01,020608,16637,ETF,false,GREEN_SHRINKING,NORMAL,1.37580000
2026-09-01,021972,17940,ETF,true,RED_EXPANDING,,1.22860000
2026-09-01,025732,21520,ETF,,GREEN_SHRINKING,,0.88440000
2026-09-01,026265,22033,ETF,,,,0.85410000
2026-09-01,027521,23185,ETF,,,,0.96390000
2026-09-01,110026,23860,ETF,true,GREEN_SHRINKING,NORMAL,3.53040000
2026-09-01,270042,25374,ETF,true,GREEN_EXPANDING,,8.41880000
2026-09-02,003765,2583,ETF,false,GREEN_EXPANDING,NORMAL,1.84040000
2026-09-02,006479,4420,ETF,true,GREEN_EXPANDING,,8.01350000
2026-09-02,007301,5128,ETF,true,GREEN_EXPANDING,NORMAL,3.90860000
2026-09-02,008087,5778,ETF,true,GREEN_SHRINKING,NORMAL,2.88900000
2026-09-02,008163,5838,ETF,true,RED_EXPANDING,,1.75600000
2026-09-02,008585,6170,ETF,true,GREEN_SHRINKING,NORMAL,1.62840000
2026-09-02,008888,6416,ETF,true,GREEN_EXPANDING,NORMAL,1.94500000
2026-09-02,010736,7967,INDEX_ENHANCED,true,GREEN_EXPANDING,NORMAL,1.26610000
2026-09-02,011608,8713,INDEX,true,GREEN_EXPANDING,NORMAL,1.27520000
2026-09-02,012920,9883,ACTIVE,true,GREEN_SHRINKING,NORMAL,3.73230000
2026-09-02,012922,9885,ACTIVE,true,GREEN_SHRINKING,NORMAL,3.65660000
2026-09-02,013308,10208,ETF,false,RED_SHRINKING,,1.08430000
2026-09-02,013446,10333,ACTIVE,true,GREEN_EXPANDING,NORMAL,1.56600000
2026-09-02,014978,11628,ETF,true,GREEN_EXPANDING,,8.02170000
2026-09-02,015879,12383,ETF,false,RED_EXPANDING,,0.78650000
2026-09-02,016664,13060,ACTIVE,true,GREEN_SHRINKING,NORMAL,2.78530000
2026-09-02,016707,13096,ETF,true,RED_EXPANDING,NORMAL,1.82190000
2026-09-02,016708,13097,ETF,true,RED_EXPANDING,NORMAL,1.80110000
2026-09-02,017093,13421,ETF,true,GREEN_EXPANDING,,2.82600000
2026-09-02,017189,13506,INDEX_ENHANCED,true,GREEN_EXPANDING,,1.82760000
2026-09-02,017730,14005,ACTIVE,true,GREEN_EXPANDING,NORMAL,4.07340000
2026-09-02,019172,15299,INDEX,true,GREEN_EXPANDING,,1.75110000
2026-09-02,019736,15828,INDEX,true,GREEN_EXPANDING,,1.48900000
2026-09-02,020608,16637,ETF,false,GREEN_SHRINKING,NORMAL,1.36080000
2026-09-02,021972,17940,ETF,false,RED_EXPANDING,,1.22500000
2026-09-02,025732,21520,ETF,,GREEN_SHRINKING,,0.88850000
2026-09-02,026265,22033,ETF,,,,0.83900000
2026-09-02,027521,23185,ETF,,,,0.94120000
2026-09-02,110026,23860,ETF,true,GREEN_EXPANDING,NORMAL,3.48650000
2026-09-02,270042,25374,ETF,true,GREEN_EXPANDING,,8.42620000
2026-09-03,003765,2583,ETF,false,GREEN_EXPANDING,NORMAL,1.79830000
2026-09-03,006479,4420,ETF,true,GREEN_EXPANDING,,7.90750000
2026-09-03,007301,5128,ETF,true,GREEN_EXPANDING,LOW_STABLE,3.84500000
2026-09-03,008087,5778,ETF,true,GREEN_EXPANDING,NORMAL,2.84030000
2026-09-03,008163,5838,ETF,true,RED_EXPANDING,,1.75260000
2026-09-03,008585,6170,ETF,true,GREEN_EXPANDING,NORMAL,1.60020000
2026-09-03,008888,6416,ETF,true,GREEN_EXPANDING,LOW_STABLE,1.91560000
2026-09-03,010736,7967,INDEX_ENHANCED,true,GREEN_EXPANDING,NORMAL,1.24700000
2026-09-03,011608,8713,INDEX,true,GREEN_EXPANDING,NORMAL,1.25340000
2026-09-03,012920,9883,ACTIVE,true,GREEN_EXPANDING,NORMAL,3.66510000
2026-09-03,012922,9885,ACTIVE,true,GREEN_EXPANDING,NORMAL,3.59070000
2026-09-03,013308,10208,ETF,false,RED_SHRINKING,,1.07730000
2026-09-03,013446,10333,ACTIVE,true,GREEN_EXPANDING,NORMAL,1.53970000
2026-09-03,014978,11628,ETF,true,GREEN_EXPANDING,,7.91500000
2026-09-03,015879,12383,ETF,false,RED_EXPANDING,,0.77030000
2026-09-03,016664,13060,ACTIVE,true,GREEN_SHRINKING,NORMAL,2.72640000
2026-09-03,016707,13096,ETF,false,RED_SHRINKING,NORMAL,1.78300000
2026-09-03,016708,13097,ETF,false,RED_SHRINKING,NORMAL,1.76260000
2026-09-03,017093,13421,ETF,true,GREEN_EXPANDING,,2.79730000
2026-09-03,017189,13506,INDEX_ENHANCED,true,GREEN_EXPANDING,,1.79680000
2026-09-03,017730,14005,ACTIVE,true,GREEN_EXPANDING,NORMAL,3.98400000
2026-09-03,019172,15299,INDEX,true,GREEN_EXPANDING,,1.72940000
2026-09-03,019736,15828,INDEX,true,GREEN_EXPANDING,,1.47050000
2026-09-03,020608,16637,ETF,false,GREEN_SHRINKING,NORMAL,1.33730000
2026-09-03,021972,17940,ETF,false,RED_EXPANDING,,1.21750000
2026-09-03,025732,21520,ETF,,GREEN_SHRINKING,,0.89880000
2026-09-03,026265,22033,ETF,,,,0.82480000
2026-09-03,027521,23185,ETF,,,,0.92680000
2026-09-03,110026,23860,ETF,false,GREEN_EXPANDING,NORMAL,3.40800000
2026-09-03,270042,25374,ETF,true,GREEN_EXPANDING,,8.31830000
2026-09-04,003765,2583,ETF,false,GREEN_EXPANDING,NORMAL,1.79840000
2026-09-04,006479,4420,ETF,true,GREEN_EXPANDING,,7.92720000
2026-09-04,007301,5128,ETF,true,GREEN_EXPANDING,NORMAL,3.81990000
2026-09-04,008087,5778,ETF,true,GREEN_EXPANDING,NORMAL,2.82630000
2026-09-04,008163,5838,ETF,true,RED_EXPANDING,,1.75220000
2026-09-04,008585,6170,ETF,true,GREEN_EXPANDING,NORMAL,1.59340000
2026-09-04,008888,6416,ETF,true,GREEN_EXPANDING,NORMAL,1.90630000
2026-09-04,010736,7967,INDEX_ENHANCED,true,GREEN_EXPANDING,NORMAL,1.24870000
2026-09-04,011608,8713,INDEX,true,GREEN_EXPANDING,NORMAL,1.24880000
2026-09-04,012920,9883,ACTIVE,true,GREEN_EXPANDING,NORMAL,3.63100000
2026-09-04,012922,9885,ACTIVE,true,GREEN_EXPANDING,NORMAL,3.55720000
2026-09-04,013308,10208,ETF,false,RED_SHRINKING,,1.06590000
2026-09-04,013446,10333,ACTIVE,true,GREEN_EXPANDING,NORMAL,1.52960000
2026-09-04,014978,11628,ETF,true,GREEN_EXPANDING,,7.93400000
2026-09-04,015879,12383,ETF,false,RED_EXPANDING,,0.76860000
2026-09-04,016664,13060,ACTIVE,true,GREEN_EXPANDING,NORMAL,2.68500000
2026-09-04,016707,13096,ETF,true,RED_EXPANDING,NORMAL,1.80490000
2026-09-04,016708,13097,ETF,true,RED_EXPANDING,NORMAL,1.78430000
2026-09-04,017093,13421,ETF,true,GREEN_EXPANDING,,2.80680000
2026-09-04,017189,13506,INDEX_ENHANCED,true,GREEN_EXPANDING,,1.79050000
2026-09-04,017730,14005,ACTIVE,true,GREEN_EXPANDING,NORMAL,3.95670000
2026-09-04,019172,15299,INDEX,true,GREEN_EXPANDING,,1.73360000
2026-09-04,019736,15828,INDEX,true,GREEN_EXPANDING,,1.47410000
2026-09-04,020608,16637,ETF,false,GREEN_SHRINKING,NORMAL,1.34760000
2026-09-04,021972,17940,ETF,false,RED_EXPANDING,,1.21370000
2026-09-04,025732,21520,ETF,,GREEN_SHRINKING,,0.89670000
2026-09-04,026265,22033,ETF,,,,0.83920000
2026-09-04,027521,23185,ETF,,,,0.92360000
2026-09-04,110026,23860,ETF,false,GREEN_EXPANDING,NORMAL,3.40820000
2026-09-04,270042,25374,ETF,true,GREEN_EXPANDING,,8.33840000
2026-09-07,003765,2583,ETF,false,GREEN_EXPANDING,NORMAL,1.78490000
2026-09-07,006479,4420,ETF,true,GREEN_EXPANDING,,8.01700000
2026-09-07,007301,5128,ETF,true,GREEN_EXPANDING,NORMAL,3.71290000
2026-09-07,008087,5778,ETF,true,GREEN_EXPANDING,NORMAL,2.78100000
2026-09-07,008163,5838,ETF,true,RED_EXPANDING,,1.75820000
2026-09-07,008585,6170,ETF,true,GREEN_EXPANDING,NORMAL,1.56990000
2026-09-07,008888,6416,ETF,true,GREEN_EXPANDING,NORMAL,1.85760000
2026-09-07,010736,7967,INDEX_ENHANCED,true,GREEN_EXPANDING,NORMAL,1.24400000
2026-09-07,011608,8713,INDEX,true,GREEN_EXPANDING,NORMAL,1.22400000
2026-09-07,012920,9883,ACTIVE,true,GREEN_EXPANDING,NORMAL,3.63200000
2026-09-07,012922,9885,ACTIVE,true,GREEN_EXPANDING,NORMAL,3.55820000
2026-09-07,013308,10208,ETF,false,RED_SHRINKING,,1.08870000
2026-09-07,013446,10333,ACTIVE,true,GREEN_EXPANDING,NORMAL,1.48710000
2026-09-07,014978,11628,ETF,true,GREEN_EXPANDING,,8.02230000
2026-09-07,015879,12383,ETF,false,RED_EXPANDING,,0.79400000
2026-09-07,016664,13060,ACTIVE,true,GREEN_EXPANDING,NORMAL,2.67980000
2026-09-07,016707,13096,ETF,false,RED_SHRINKING,NORMAL,1.77920000
2026-09-07,016708,13097,ETF,false,RED_SHRINKING,NORMAL,1.75880000
2026-09-07,017093,13421,ETF,true,GREEN_EXPANDING,,2.83950000
2026-09-07,017189,13506,INDEX_ENHANCED,true,GREEN_EXPANDING,,1.75190000
2026-09-07,017730,14005,ACTIVE,true,GREEN_EXPANDING,NORMAL,3.94390000
2026-09-07,019172,15299,INDEX,true,GREEN_EXPANDING,,1.75210000
2026-09-07,019736,15828,INDEX,true,GREEN_EXPANDING,,1.48990000
2026-09-07,020608,16637,ETF,false,GREEN_EXPANDING,NORMAL,1.32460000
2026-09-07,021972,17940,ETF,false,RED_EXPANDING,,1.21950000
2026-09-07,025732,21520,ETF,,GREEN_SHRINKING,,0.90150000
2026-09-07,026265,22033,ETF,,,,0.82810000
2026-09-07,027521,23185,ETF,,,,0.90150000
2026-09-07,110026,23860,ETF,false,GREEN_EXPANDING,NORMAL,3.38300000
2026-09-07,270042,25374,ETF,true,GREEN_EXPANDING,,8.42990000
2026-09-08,003765,2583,ETF,false,GREEN_SHRINKING,NORMAL,1.84260000
2026-09-08,006479,4420,ETF,true,GREEN_EXPANDING,,8.03100000
2026-09-08,007301,5128,ETF,true,GREEN_EXPANDING,NORMAL,3.81330000
2026-09-08,008087,5778,ETF,true,GREEN_SHRINKING,NORMAL,2.94370000
2026-09-08,008163,5838,ETF,true,RED_SHRINKING,,1.74820000
2026-09-08,008585,6170,ETF,true,GREEN_SHRINKING,NORMAL,1.61080000
2026-09-08,008888,6416,ETF,true,GREEN_EXPANDING,NORMAL,1.91630000
2026-09-08,010736,7967,INDEX_ENHANCED,true,GREEN_SHRINKING,NORMAL,1.27890000
2026-09-08,011608,8713,INDEX,true,GREEN_EXPANDING,NORMAL,1.25210000
2026-09-08,012920,9883,ACTIVE,true,GREEN_EXPANDING,NORMAL,3.64830000
2026-09-08,012922,9885,ACTIVE,true,GREEN_EXPANDING,NORMAL,3.57410000
2026-09-08,013308,10208,ETF,false,RED_SHRINKING,,1.07900000
2026-09-08,013446,10333,ACTIVE,true,GREEN_EXPANDING,NORMAL,1.52580000
2026-09-08,014978,11628,ETF,true,GREEN_EXPANDING,,8.03540000
2026-09-08,015879,12383,ETF,false,RED_EXPANDING,,0.79630000
2026-09-08,016664,13060,ACTIVE,true,GREEN_SHRINKING,NORMAL,2.72090000
2026-09-08,016707,13096,ETF,false,RED_SHRINKING,NORMAL,1.76700000
2026-09-08,016708,13097,ETF,false,RED_SHRINKING,NORMAL,1.74670000
2026-09-08,017093,13421,ETF,true,GREEN_EXPANDING,,2.84810000
2026-09-08,017189,13506,INDEX_ENHANCED,true,GREEN_EXPANDING,,1.79910000
2026-09-08,017730,14005,ACTIVE,true,GREEN_EXPANDING,NORMAL,3.93840000
2026-09-08,019172,15299,INDEX,true,GREEN_EXPANDING,,1.75530000
2026-09-08,019736,15828,INDEX,true,GREEN_EXPANDING,,1.49260000
2026-09-08,020608,16637,ETF,false,GREEN_SHRINKING,NORMAL,1.35120000
2026-09-08,021972,17940,ETF,false,RED_EXPANDING,,1.21210000
2026-09-08,025732,21520,ETF,,GREEN_SHRINKING,,0.89290000
2026-09-08,026265,22033,ETF,,GREEN_SHRINKING,,0.83780000
2026-09-08,027521,23185,ETF,,,,0.91600000
2026-09-08,110026,23860,ETF,true,GREEN_SHRINKING,NORMAL,3.49210000
2026-09-08,270042,25374,ETF,true,GREEN_EXPANDING,,8.44420000
2026-09-09,003765,2583,ETF,false,GREEN_SHRINKING,NORMAL,1.82250000
2026-09-09,006479,4420,ETF,true,GREEN_EXPANDING,,8.03150000
2026-09-09,007301,5128,ETF,true,GREEN_EXPANDING,NORMAL,3.76060000
2026-09-09,008087,5778,ETF,true,GREEN_SHRINKING,NORMAL,2.92420000
2026-09-09,008163,5838,ETF,true,RED_SHRINKING,,1.74860000
2026-09-09,008585,6170,ETF,true,GREEN_SHRINKING,NORMAL,1.58910000
2026-09-09,008888,6416,ETF,true,GREEN_EXPANDING,NORMAL,1.89160000
2026-09-09,010736,7967,INDEX_ENHANCED,true,GREEN_SHRINKING,NORMAL,1.27530000
2026-09-09,011608,8713,INDEX,true,GREEN_EXPANDING,NORMAL,1.23400000
2026-09-09,012920,9883,ACTIVE,true,GREEN_SHRINKING,NORMAL,3.75210000
2026-09-09,012922,9885,ACTIVE,true,GREEN_SHRINKING,NORMAL,3.67560000
2026-09-09,013308,10208,ETF,false,RED_SHRINKING,,1.06280000
2026-09-09,013446,10333,ACTIVE,true,GREEN_EXPANDING,NORMAL,1.50580000
2026-09-09,014978,11628,ETF,true,GREEN_EXPANDING,,8.03520000
2026-09-09,015879,12383,ETF,false,RED_EXPANDING,,0.80670000
2026-09-09,016664,13060,ACTIVE,true,GREEN_SHRINKING,NORMAL,2.84370000
2026-09-09,016707,13096,ETF,false,RED_EXPANDING,NORMAL,1.79360000
2026-09-09,016708,13097,ETF,false,RED_EXPANDING,NORMAL,1.77290000
2026-09-09,017093,13421,ETF,true,GREEN_EXPANDING,,2.84890000
2026-09-09,017189,13506,INDEX_ENHANCED,true,GREEN_EXPANDING,,1.77270000
2026-09-09,017730,14005,ACTIVE,true,GREEN_SHRINKING,NORMAL,4.05550000
2026-09-09,019172,15299,INDEX,true,GREEN_EXPANDING,,1.75560000
2026-09-09,019736,15828,INDEX,true,GREEN_EXPANDING,,1.49270000
2026-09-09,020608,16637,ETF,false,GREEN_SHRINKING,NORMAL,1.34180000
2026-09-09,021972,17940,ETF,true,RED_EXPANDING,,1.23470000
2026-09-09,025732,21520,ETF,,GREEN_SHRINKING,,0.90860000
2026-09-09,026265,22033,ETF,,GREEN_SHRINKING,,0.82310000
2026-09-09,027521,23185,ETF,,,,0.90310000
2026-09-09,110026,23860,ETF,false,GREEN_SHRINKING,NORMAL,3.45450000
2026-09-09,270042,25374,ETF,true,GREEN_EXPANDING,,8.44470000
2026-09-10,003765,2583,ETF,false,GREEN_SHRINKING,NORMAL,1.82000000
2026-09-10,006479,4420,ETF,true,GREEN_EXPANDING,,8.02210000
2026-09-10,007301,5128,ETF,true,GREEN_EXPANDING,NORMAL,3.74140000
2026-09-10,008087,5778,ETF,true,GREEN_SHRINKING,NORMAL,2.95140000
2026-09-10,008163,5838,ETF,true,RED_EXPANDING,,1.75080000
2026-09-10,008585,6170,ETF,true,GREEN_SHRINKING,NORMAL,1.58090000
2026-09-10,008888,6416,ETF,true,GREEN_EXPANDING,NORMAL,1.88100000
2026-09-10,010736,7967,INDEX_ENHANCED,true,GREEN_SHRINKING,NORMAL,1.28240000
2026-09-10,011608,8713,INDEX,true,GREEN_EXPANDING,NORMAL,1.22630000
2026-09-10,012920,9883,ACTIVE,true,GREEN_SHRINKING,NORMAL,3.78180000
2026-09-10,012922,9885,ACTIVE,true,GREEN_SHRINKING,NORMAL,3.70470000
2026-09-10,013308,10208,ETF,false,RED_SHRINKING,,1.05440000
2026-09-10,013446,10333,ACTIVE,true,GREEN_EXPANDING,NORMAL,1.49660000
2026-09-10,014978,11628,ETF,true,GREEN_EXPANDING,,8.02600000
2026-09-10,015879,12383,ETF,false,RED_EXPANDING,,0.80660000
2026-09-10,016664,13060,ACTIVE,true,GREEN_SHRINKING,NORMAL,2.84980000
2026-09-10,016707,13096,ETF,true,RED_EXPANDING,NORMAL,1.82140000
2026-09-10,016708,13097,ETF,true,RED_EXPANDING,NORMAL,1.80050000
2026-09-10,017093,13421,ETF,true,GREEN_EXPANDING,,2.84770000
2026-09-10,017189,13506,INDEX_ENHANCED,true,GREEN_EXPANDING,,1.76230000
2026-09-10,017730,14005,ACTIVE,true,GREEN_SHRINKING,NORMAL,4.07400000
2026-09-10,019172,15299,INDEX,true,GREEN_EXPANDING,,1.75370000
2026-09-10,019736,15828,INDEX,true,GREEN_EXPANDING,,1.49110000
2026-09-10,020608,16637,ETF,false,GREEN_SHRINKING,NORMAL,1.33070000
2026-09-10,021972,17940,ETF,true,RED_EXPANDING,,1.24360000
2026-09-10,025732,21520,ETF,,RED_EXPANDING,,0.92020000
2026-09-10,026265,22033,ETF,,GREEN_SHRINKING,,0.82120000
2026-09-10,027521,23185,ETF,,,,0.89910000
2026-09-10,110026,23860,ETF,false,GREEN_SHRINKING,NORMAL,3.44980000
2026-09-10,270042,25374,ETF,true,GREEN_EXPANDING,,8.43520000
2026-09-11,003765,2583,ETF,false,GREEN_SHRINKING,NORMAL,1.81140000
2026-09-11,006479,4420,ETF,true,GREEN_EXPANDING,,7.99470000
2026-09-11,007301,5128,ETF,true,GREEN_EXPANDING,NORMAL,3.72050000
2026-09-11,008087,5778,ETF,true,GREEN_SHRINKING,NORMAL,2.93090000
2026-09-11,008163,5838,ETF,true,RED_EXPANDING,,1.75510000
2026-09-11,008585,6170,ETF,true,GREEN_EXPANDING,NORMAL,1.56370000
2026-09-11,008888,6416,ETF,true,GREEN_EXPANDING,NORMAL,1.87290000
2026-09-11,010736,7967,INDEX_ENHANCED,true,GREEN_SHRINKING,NORMAL,1.27580000
2026-09-11,011608,8713,INDEX,true,GREEN_EXPANDING,NORMAL,1.21860000
2026-09-11,012920,9883,ACTIVE,true,GREEN_SHRINKING,NORMAL,3.78180000
2026-09-11,012922,9885,ACTIVE,true,GREEN_SHRINKING,NORMAL,3.70460000
2026-09-11,013308,10208,ETF,false,RED_SHRINKING,,1.03380000
2026-09-11,013446,10333,ACTIVE,true,GREEN_EXPANDING,NORMAL,1.48910000
2026-09-11,014978,11628,ETF,true,GREEN_EXPANDING,,7.99720000
2026-09-11,015879,12383,ETF,false,RED_EXPANDING,,0.78630000
2026-09-11,016664,13060,ACTIVE,true,GREEN_SHRINKING,NORMAL,2.87960000
2026-09-11,016707,13096,ETF,false,RED_EXPANDING,NORMAL,1.80170000
2026-09-11,016708,13097,ETF,false,RED_EXPANDING,NORMAL,1.78100000
2026-09-11,017093,13421,ETF,true,GREEN_EXPANDING,,2.84630000
2026-09-11,017189,13506,INDEX_ENHANCED,true,GREEN_EXPANDING,,1.75040000
2026-09-11,017730,14005,ACTIVE,true,GREEN_SHRINKING,NORMAL,4.08610000
2026-09-11,019172,15299,INDEX,true,GREEN_EXPANDING,,1.74800000
2026-09-11,019736,15828,INDEX,true,GREEN_EXPANDING,,1.48640000
2026-09-11,020608,16637,ETF,false,GREEN_SHRINKING,NORMAL,1.31050000
2026-09-11,021972,17940,ETF,true,RED_EXPANDING,,1.23400000
2026-09-11,025732,21520,ETF,,GREEN_SHRINKING,,0.91350000
2026-09-11,026265,22033,ETF,,GREEN_SHRINKING,,0.81410000
2026-09-11,027521,23185,ETF,,,,0.88790000
2026-09-11,110026,23860,ETF,false,GREEN_SHRINKING,NORMAL,3.43400000
2026-09-11,270042,25374,ETF,true,GREEN_EXPANDING,,8.40730000
2026-09-14,003765,2583,ETF,false,GREEN_SHRINKING,NORMAL,1.80280000
2026-09-14,006479,4420,ETF,true,GREEN_EXPANDING,,7.90750000
2026-09-14,007301,5128,ETF,true,GREEN_EXPANDING,NORMAL,3.66670000
2026-09-14,008087,5778,ETF,true,GREEN_SHRINKING,NORMAL,2.93920000
2026-09-14,008163,5838,ETF,true,RED_EXPANDING,,1.75130000
2026-09-14,008585,6170,ETF,true,GREEN_EXPANDING,NORMAL,1.56200000
2026-09-14,008888,6416,ETF,true,GREEN_EXPANDING,NORMAL,1.84870000
2026-09-14,010736,7967,INDEX_ENHANCED,true,GREEN_SHRINKING,NORMAL,1.27100000
2026-09-14,011608,8713,INDEX,true,GREEN_EXPANDING,NORMAL,1.20690000
2026-09-14,012920,9883,ACTIVE,true,GREEN_SHRINKING,NORMAL,3.71340000
2026-09-14,012922,9885,ACTIVE,true,GREEN_SHRINKING,NORMAL,3.63750000
2026-09-14,013308,10208,ETF,false,RED_SHRINKING,,1.03160000
2026-09-14,013446,10333,ACTIVE,true,GREEN_EXPANDING,NORMAL,1.46910000
2026-09-14,014978,11628,ETF,true,GREEN_EXPANDING,,7.91080000
2026-09-14,015879,12383,ETF,false,RED_EXPANDING,,0.77070000
2026-09-14,016664,13060,ACTIVE,true,GREEN_SHRINKING,NORMAL,2.83150000
2026-09-14,016707,13096,ETF,false,GREEN_SHRINKING,NORMAL,1.72990000
2026-09-14,016708,13097,ETF,false,GREEN_SHRINKING,NORMAL,1.71000000
2026-09-14,017093,13421,ETF,true,GREEN_EXPANDING,,2.82460000
2026-09-14,017189,13506,INDEX_ENHANCED,true,GREEN_EXPANDING,,1.73200000
2026-09-14,017730,14005,ACTIVE,true,GREEN_SHRINKING,NORMAL,4.03180000
2026-09-14,019172,15299,INDEX,true,GREEN_EXPANDING,,1.73030000
2026-09-14,019736,15828,INDEX,true,GREEN_EXPANDING,,1.47190000
2026-09-14,020608,16637,ETF,false,GREEN_EXPANDING,NORMAL,1.29150000
2026-09-14,021972,17940,ETF,false,RED_EXPANDING,,1.22160000
2026-09-14,025732,21520,ETF,,GREEN_SHRINKING,,0.91570000
2026-09-14,026265,22033,ETF,,GREEN_EXPANDING,,0.80260000
2026-09-14,027521,23185,ETF,,,,0.87560000
2026-09-14,110026,23860,ETF,false,GREEN_SHRINKING,NORMAL,3.41800000
2026-09-14,270042,25374,ETF,true,GREEN_EXPANDING,,8.31870000
2026-09-15,003765,2583,ETF,false,GREEN_SHRINKING,NORMAL,1.78390000
2026-09-15,006479,4420,ETF,true,GREEN_EXPANDING,,7.97520000
2026-09-15,007301,5128,ETF,true,GREEN_EXPANDING,NORMAL,3.61480000
2026-09-15,008087,5778,ETF,true,GREEN_SHRINKING,NORMAL,2.85920000
2026-09-15,008163,5838,ETF,true,RED_EXPANDING,,1.75710000
2026-09-15,008585,6170,ETF,false,GREEN_EXPANDING,NORMAL,1.53420000
2026-09-15,008888,6416,ETF,true,GREEN_EXPANDING,NORMAL,1.81330000
2026-09-15,010736,7967,INDEX_ENHANCED,true,GREEN_EXPANDING,NORMAL,1.24970000
2026-09-15,011608,8713,INDEX,true,GREEN_EXPANDING,NORMAL,1.18830000
2026-09-15,012920,9883,ACTIVE,true,GREEN_SHRINKING,NORMAL,3.74730000
2026-09-15,012922,9885,ACTIVE,true,GREEN_SHRINKING,NORMAL,3.67070000
2026-09-15,013308,10208,ETF,false,GREEN_SHRINKING,,1.03020000
2026-09-15,013446,10333,ACTIVE,true,GREEN_EXPANDING,NORMAL,1.44290000
2026-09-15,014978,11628,ETF,true,GREEN_EXPANDING,,7.97920000
2026-09-15,015879,12383,ETF,false,RED_SHRINKING,,0.76150000
2026-09-15,016664,13060,ACTIVE,true,GREEN_SHRINKING,NORMAL,2.81340000
2026-09-15,016707,13096,ETF,false,GREEN_EXPANDING,NORMAL,1.71860000
2026-09-15,016708,13097,ETF,false,GREEN_EXPANDING,NORMAL,1.69880000
2026-09-15,017093,13421,ETF,true,GREEN_EXPANDING,,2.84710000
2026-09-15,017189,13506,INDEX_ENHANCED,true,GREEN_EXPANDING,,1.70340000
2026-09-15,017730,14005,ACTIVE,true,GREEN_SHRINKING,NORMAL,4.03940000
2026-09-15,019172,15299,INDEX,true,GREEN_EXPANDING,,1.74450000
2026-09-15,019736,15828,INDEX,true,GREEN_EXPANDING,,1.48360000
2026-09-15,020608,16637,ETF,false,GREEN_SHRINKING,NORMAL,1.29590000
2026-09-15,021972,17940,ETF,false,RED_EXPANDING,,1.21810000
2026-09-15,025732,21520,ETF,,RED_EXPANDING,,0.89440000
2026-09-15,026265,22033,ETF,,GREEN_SHRINKING,,0.80790000
2026-09-15,027521,23185,ETF,,,,0.86600000
2026-09-15,110026,23860,ETF,false,GREEN_SHRINKING,NORMAL,3.38290000
2026-09-15,270042,25374,ETF,true,GREEN_EXPANDING,,8.38770000
2026-09-16,003765,2583,ETF,false,GREEN_EXPANDING,NORMAL,1.76440000
2026-09-16,006479,4420,ETF,true,GREEN_EXPANDING,,7.90350000
2026-09-16,007301,5128,ETF,true,GREEN_EXPANDING,NORMAL,3.67650000
2026-09-16,008087,5778,ETF,true,GREEN_SHRINKING,NORMAL,2.84390000
2026-09-16,008163,5838,ETF,true,RED_SHRINKING,,1.75140000
2026-09-16,008585,6170,ETF,false,GREEN_EXPANDING,NORMAL,1.53600000
2026-09-16,008888,6416,ETF,true,GREEN_EXPANDING,NORMAL,1.84470000
2026-09-16,010736,7967,INDEX_ENHANCED,true,GREEN_EXPANDING,NORMAL,1.24270000
2026-09-16,011608,8713,INDEX,true,GREEN_EXPANDING,NORMAL,1.20560000
2026-09-16,012920,9883,ACTIVE,true,GREEN_SHRINKING,NORMAL,3.60660000
2026-09-16,012922,9885,ACTIVE,true,GREEN_SHRINKING,NORMAL,3.53280000
2026-09-16,013308,10208,ETF,false,GREEN_SHRINKING,,1.02390000
2026-09-16,013446,10333,ACTIVE,true,GREEN_EXPANDING,NORMAL,1.46790000
2026-09-16,014978,11628,ETF,true,GREEN_EXPANDING,,7.90750000
2026-09-16,015879,12383,ETF,false,RED_SHRINKING,NORMAL,0.75430000
2026-09-16,016664,13060,ACTIVE,true,GREEN_SHRINKING,NORMAL,2.67750000
2026-09-16,016707,13096,ETF,false,GREEN_EXPANDING,NORMAL,1.70350000
2026-09-16,016708,13097,ETF,false,GREEN_EXPANDING,NORMAL,1.68380000
2026-09-16,017093,13421,ETF,true,GREEN_EXPANDING,,2.82600000
2026-09-16,017189,13506,INDEX_ENHANCED,true,GREEN_EXPANDING,NORMAL,1.72850000
2026-09-16,017730,14005,ACTIVE,true,GREEN_EXPANDING,NORMAL,3.92180000
2026-09-16,019172,15299,INDEX,true,GREEN_EXPANDING,,1.72990000
2026-09-16,019736,15828,INDEX,true,GREEN_EXPANDING,,1.47170000
2026-09-16,020608,16637,ETF,false,GREEN_SHRINKING,NORMAL,1.28500000
2026-09-16,021972,17940,ETF,false,RED_SHRINKING,NORMAL,1.21000000
2026-09-16,025732,21520,ETF,,RED_EXPANDING,,0.88250000
2026-09-16,026265,22033,ETF,,GREEN_SHRINKING,NORMAL,0.79610000
2026-09-16,027521,23185,ETF,,,NORMAL,0.87550000
2026-09-16,110026,23860,ETF,false,GREEN_EXPANDING,NORMAL,3.34640000
2026-09-16,270042,25374,ETF,true,GREEN_EXPANDING,,8.31480000
2026-09-17,003765,2583,ETF,false,GREEN_SHRINKING,NORMAL,1.79670000
2026-09-17,006479,4420,ETF,true,GREEN_EXPANDING,,7.84850000
2026-09-17,007301,5128,ETF,true,GREEN_SHRINKING,NORMAL,3.83270000
2026-09-17,008087,5778,ETF,true,GREEN_SHRINKING,NORMAL,2.94630000
2026-09-17,008163,5838,ETF,true,RED_SHRINKING,,1.74510000
2026-09-17,008585,6170,ETF,true,GREEN_SHRINKING,NORMAL,1.58500000
2026-09-17,008888,6416,ETF,true,GREEN_SHRINKING,NORMAL,1.92060000
2026-09-17,010736,7967,INDEX_ENHANCED,true,GREEN_EXPANDING,NORMAL,1.26320000
2026-09-17,011608,8713,INDEX,true,GREEN_SHRINKING,NORMAL,1.25270000
2026-09-17,012920,9883,ACTIVE,true,GREEN_SHRINKING,NORMAL,3.60250000
2026-09-17,012922,9885,ACTIVE,true,GREEN_SHRINKING,NORMAL,3.52870000
2026-09-17,013308,10208,ETF,false,GREEN_SHRINKING,,1.03100000
2026-09-17,013446,10333,ACTIVE,true,GREEN_SHRINKING,NORMAL,1.52920000
2026-09-17,014978,11628,ETF,true,GREEN_EXPANDING,,7.85220000
2026-09-17,015879,12383,ETF,false,RED_SHRINKING,NORMAL,0.74650000
2026-09-17,016664,13060,ACTIVE,true,GREEN_SHRINKING,NORMAL,2.68110000
2026-09-17,016707,13096,ETF,false,GREEN_EXPANDING,NORMAL,1.73010000
2026-09-17,016708,13097,ETF,false,GREEN_EXPANDING,NORMAL,1.71010000
2026-09-17,017093,13421,ETF,true,GREEN_EXPANDING,,2.81310000
2026-09-17,017189,13506,INDEX_ENHANCED,true,GREEN_SHRINKING,NORMAL,1.79890000
2026-09-17,017730,14005,ACTIVE,true,GREEN_EXPANDING,NORMAL,3.94760000
2026-09-17,019172,15299,INDEX,true,GREEN_EXPANDING,,1.71870000
2026-09-17,019736,15828,INDEX,true,GREEN_EXPANDING,,1.46270000
2026-09-17,020608,16637,ETF,false,GREEN_SHRINKING,NORMAL,1.29210000
2026-09-17,021972,17940,ETF,false,RED_SHRINKING,NORMAL,1.20900000
2026-09-17,025732,21520,ETF,,RED_EXPANDING,,0.89120000
2026-09-17,026265,22033,ETF,,GREEN_SHRINKING,NORMAL,0.80500000
2026-09-17,027521,23185,ETF,,,NORMAL,0.91050000
2026-09-17,110026,23860,ETF,false,GREEN_SHRINKING,NORMAL,3.40860000
2026-09-17,270042,25374,ETF,true,GREEN_EXPANDING,,8.25880000
2026-09-18,003765,2583,ETF,false,GREEN_SHRINKING,NORMAL,1.79010000
2026-09-18,006479,4420,ETF,true,GREEN_EXPANDING,,7.84510000
2026-09-18,007301,5128,ETF,true,GREEN_SHRINKING,NORMAL,3.81160000
2026-09-18,008087,5778,ETF,true,GREEN_SHRINKING,NORMAL,2.93520000
2026-09-18,008163,5838,ETF,true,RED_SHRINKING,,1.74370000
2026-09-18,008585,6170,ETF,true,GREEN_SHRINKING,NORMAL,1.57840000
2026-09-18,008888,6416,ETF,true,GREEN_SHRINKING,NORMAL,1.90710000
2026-09-18,010736,7967,INDEX_ENHANCED,true,GREEN_EXPANDING,NORMAL,1.25210000
2026-09-18,011608,8713,INDEX,true,GREEN_SHRINKING,NORMAL,1.24530000
2026-09-18,012920,9883,ACTIVE,true,GREEN_SHRINKING,NORMAL,3.69020000
2026-09-18,012922,9885,ACTIVE,true,GREEN_SHRINKING,NORMAL,3.61460000
2026-09-18,013308,10208,ETF,false,GREEN_SHRINKING,,1.02720000
2026-09-18,013446,10333,ACTIVE,true,GREEN_SHRINKING,NORMAL,1.51980000
2026-09-18,014978,11628,ETF,true,GREEN_EXPANDING,,7.84860000
2026-09-18,015879,12383,ETF,false,RED_SHRINKING,NORMAL,0.74900000
2026-09-18,016664,13060,ACTIVE,true,GREEN_SHRINKING,NORMAL,2.75060000
2026-09-18,016707,13096,ETF,false,GREEN_EXPANDING,NORMAL,1.68530000
2026-09-18,016708,13097,ETF,false,GREEN_EXPANDING,NORMAL,1.66580000
2026-09-18,017093,13421,ETF,true,GREEN_EXPANDING,,2.81370000
2026-09-18,017189,13506,INDEX_ENHANCED,true,GREEN_SHRINKING,NORMAL,1.78440000
2026-09-18,017470,13767,ETF,true,GREEN_SHRINKING,NORMAL,2.78030000
2026-09-18,017730,14005,ACTIVE,true,GREEN_SHRINKING,NORMAL,4.04490000
2026-09-18,019172,15299,INDEX,true,GREEN_EXPANDING,,1.71810000
2026-09-18,019736,15828,INDEX,true,GREEN_EXPANDING,,1.46270000
2026-09-18,020608,16637,ETF,false,GREEN_SHRINKING,NORMAL,1.29850000
2026-09-18,021972,17940,ETF,false,RED_SHRINKING,NORMAL,1.20100000
2026-09-18,025732,21520,ETF,,RED_EXPANDING,,0.88340000
2026-09-18,026265,22033,ETF,,GREEN_SHRINKING,NORMAL,0.80320000
2026-09-18,027521,23185,ETF,,,NORMAL,0.90560000
2026-09-18,110026,23860,ETF,false,GREEN_SHRINKING,NORMAL,3.39630000
2026-09-18,270042,25374,ETF,true,GREEN_EXPANDING,,8.25530000
2026-09-21,003765,2583,ETF,false,GREEN_SHRINKING,NORMAL,1.82860000
2026-09-21,006479,4420,ETF,true,GREEN_EXPANDING,,7.97500000
2026-09-21,007301,5128,ETF,true,GREEN_SHRINKING,NORMAL,3.95500000
2026-09-21,008087,5778,ETF,true,GREEN_SHRINKING,NORMAL,3.00330000
2026-09-21,008163,5838,ETF,true,RED_SHRINKING,,1.74140000
2026-09-21,008585,6170,ETF,true,GREEN_SHRINKING,NORMAL,1.61960000
2026-09-21,008888,6416,ETF,true,GREEN_SHRINKING,NORMAL,1.96760000
2026-09-21,010736,7967,INDEX_ENHANCED,true,GREEN_SHRINKING,NORMAL,1.27050000
2026-09-21,011608,8713,INDEX,true,GREEN_SHRINKING,NORMAL,1.27950000
2026-09-21,012920,9883,ACTIVE,true,GREEN_SHRINKING,NORMAL,3.73990000
2026-09-21,012922,9885,ACTIVE,true,GREEN_SHRINKING,NORMAL,3.66320000
2026-09-21,013308,10208,ETF,false,RED_SHRINKING,,1.04770000
2026-09-21,013446,10333,ACTIVE,true,GREEN_SHRINKING,NORMAL,1.57300000
2026-09-21,014978,11628,ETF,true,GREEN_EXPANDING,,7.97720000
2026-09-21,015879,12383,ETF,false,RED_SHRINKING,NORMAL,0.74990000
2026-09-21,016664,13060,ACTIVE,true,GREEN_SHRINKING,NORMAL,2.76530000
2026-09-21,016707,13096,ETF,false,GREEN_EXPANDING,NORMAL,1.70620000
2026-09-21,016708,13097,ETF,false,GREEN_EXPANDING,NORMAL,1.68650000
2026-09-21,017093,13421,ETF,true,GREEN_EXPANDING,,2.86670000
2026-09-21,017189,13506,INDEX_ENHANCED,true,GREEN_SHRINKING,NORMAL,1.83590000
2026-09-21,017730,14005,ACTIVE,true,GREEN_SHRINKING,NORMAL,4.08060000
2026-09-21,019172,15299,INDEX,true,GREEN_EXPANDING,,1.74490000
2026-09-21,019736,15828,INDEX,true,GREEN_EXPANDING,,1.48480000
2026-09-21,020608,16637,ETF,false,GREEN_SHRINKING,NORMAL,1.32330000
2026-09-21,021972,17940,ETF,false,RED_SHRINKING,NORMAL,1.19440000
2026-09-21,025732,21520,ETF,,RED_EXPANDING,,0.89130000
2026-09-21,026265,22033,ETF,,GREEN_SHRINKING,NORMAL,0.82330000
2026-09-21,027521,23185,ETF,,,NORMAL,0.94110000
2026-09-21,110026,23860,ETF,false,GREEN_SHRINKING,NORMAL,3.46860000
2026-09-21,270042,25374,ETF,true,GREEN_EXPANDING,,8.38750000
2026-09-22,003765,2583,ETF,false,GREEN_SHRINKING,NORMAL,1.84290000
2026-09-22,006479,4420,ETF,true,GREEN_SHRINKING,,8.02060000
2026-09-22,007301,5128,ETF,true,GREEN_SHRINKING,NORMAL,3.96290000
2026-09-22,008087,5778,ETF,true,GREEN_SHRINKING,NORMAL,3.03460000
2026-09-22,008163,5838,ETF,true,RED_SHRINKING,,1.74150000
2026-09-22,008585,6170,ETF,true,GREEN_SHRINKING,NORMAL,1.63600000
2026-09-22,008888,6416,ETF,true,GREEN_SHRINKING,NORMAL,1.97560000
2026-09-22,010736,7967,INDEX_ENHANCED,true,GREEN_SHRINKING,NORMAL,1.28680000
2026-09-22,011608,8713,INDEX,true,GREEN_SHRINKING,NORMAL,1.28330000
2026-09-22,012920,9883,ACTIVE,true,GREEN_SHRINKING,NORMAL,3.80630000
2026-09-22,012922,9885,ACTIVE,true,GREEN_SHRINKING,NORMAL,3.72820000
2026-09-22,013308,10208,ETF,false,GREEN_EXPANDING,,1.05130000
2026-09-22,013446,10333,ACTIVE,true,GREEN_SHRINKING,NORMAL,1.57750000
2026-09-22,014978,11628,ETF,true,GREEN_EXPANDING,,8.02260000
2026-09-22,015879,12383,ETF,false,RED_SHRINKING,NORMAL,0.76170000
2026-09-22,016664,13060,ACTIVE,true,GREEN_SHRINKING,NORMAL,2.87130000
2026-09-22,016707,13096,ETF,false,GREEN_EXPANDING,NORMAL,1.70390000
2026-09-22,016708,13097,ETF,false,GREEN_EXPANDING,NORMAL,1.68410000
2026-09-22,017093,13421,ETF,true,GREEN_SHRINKING,,2.88610000
2026-09-22,017189,13506,INDEX_ENHANCED,true,GREEN_SHRINKING,NORMAL,1.83940000
2026-09-22,017730,14005,ACTIVE,true,GREEN_SHRINKING,NORMAL,4.19690000
2026-09-22,019172,15299,INDEX,true,GREEN_EXPANDING,,1.75440000
2026-09-22,019736,15828,INDEX,true,GREEN_SHRINKING,,1.49250000
2026-09-22,020608,16637,ETF,false,GREEN_SHRINKING,NORMAL,1.32410000
2026-09-22,021972,17940,ETF,false,RED_SHRINKING,NORMAL,1.20560000
2026-09-22,025732,21520,ETF,,RED_EXPANDING,,0.90560000
2026-09-22,026265,22033,ETF,,GREEN_SHRINKING,NORMAL,0.81750000
2026-09-22,027521,23185,ETF,,,NORMAL,0.94690000
2026-09-22,110026,23860,ETF,false,GREEN_SHRINKING,NORMAL,3.49560000
2026-09-22,270042,25374,ETF,true,GREEN_SHRINKING,,8.43390000
2026-09-23,003765,2583,ETF,false,GREEN_SHRINKING,NORMAL,1.84290000
2026-09-23,006479,4420,ETF,true,GREEN_SHRINKING,,8.24710000
2026-09-23,007301,5128,ETF,true,GREEN_SHRINKING,NORMAL,3.98880000
2026-09-23,008087,5778,ETF,true,GREEN_SHRINKING,NORMAL,3.02430000
2026-09-23,008163,5838,ETF,true,RED_SHRINKING,,1.74190000
2026-09-23,008585,6170,ETF,true,GREEN_SHRINKING,NORMAL,1.66070000
2026-09-23,008888,6416,ETF,true,GREEN_SHRINKING,NORMAL,1.98800000
2026-09-23,010736,7967,INDEX_ENHANCED,true,GREEN_SHRINKING,NORMAL,1.28220000
2026-09-23,011608,8713,INDEX,true,GREEN_SHRINKING,NORMAL,1.28900000
2026-09-23,012920,9883,ACTIVE,true,GREEN_SHRINKING,NORMAL,3.89590000
2026-09-23,012922,9885,ACTIVE,true,GREEN_SHRINKING,NORMAL,3.81580000
2026-09-23,013308,10208,ETF,false,GREEN_EXPANDING,,1.05390000
2026-09-23,013446,10333,ACTIVE,true,GREEN_SHRINKING,NORMAL,1.59080000
2026-09-23,014978,11628,ETF,true,GREEN_SHRINKING,,8.24780000
2026-09-23,015879,12383,ETF,false,RED_SHRINKING,NORMAL,0.75750000
2026-09-23,016664,13060,ACTIVE,true,GREEN_SHRINKING,NORMAL,2.92210000
2026-09-23,016707,13096,ETF,false,GREEN_EXPANDING,NORMAL,1.70750000
2026-09-23,016708,13097,ETF,false,GREEN_EXPANDING,NORMAL,1.68760000
2026-09-23,017093,13421,ETF,true,GREEN_SHRINKING,,2.96130000
2026-09-23,017189,13506,INDEX_ENHANCED,true,GREEN_SHRINKING,NORMAL,1.84510000
2026-09-23,017730,14005,ACTIVE,true,GREEN_SHRINKING,NORMAL,4.28220000
2026-09-23,019172,15299,INDEX,true,GREEN_SHRINKING,,1.79990000
2026-09-23,019736,15828,INDEX,true,GREEN_SHRINKING,,1.52970000
2026-09-23,020608,16637,ETF,false,GREEN_SHRINKING,NORMAL,1.32470000
2026-09-23,021972,17940,ETF,false,RED_SHRINKING,NORMAL,1.19940000
2026-09-23,025732,21520,ETF,,RED_EXPANDING,,0.89800000
2026-09-23,026265,22033,ETF,,GREEN_SHRINKING,NORMAL,0.81740000
2026-09-23,027521,23185,ETF,,,NORMAL,0.96730000
2026-09-23,110026,23860,ETF,false,GREEN_SHRINKING,NORMAL,3.49600000
2026-09-23,270042,25374,ETF,true,GREEN_SHRINKING,,8.66470000
2026-09-24,003765,2583,ETF,false,GREEN_SHRINKING,NORMAL,1.83240000
2026-09-24,006479,4420,ETF,true,GREEN_SHRINKING,,8.31110000
2026-09-24,007301,5128,ETF,true,GREEN_SHRINKING,NORMAL,3.98480000
2026-09-24,008087,5778,ETF,true,GREEN_SHRINKING,NORMAL,3.00450000
2026-09-24,008163,5838,ETF,true,RED_SHRINKING,,1.74050000
2026-09-24,008585,6170,ETF,true,GREEN_SHRINKING,NORMAL,1.64850000
2026-09-24,008888,6416,ETF,true,GREEN_SHRINKING,NORMAL,1.98160000
2026-09-24,010736,7967,INDEX_ENHANCED,true,GREEN_SHRINKING,NORMAL,1.27570000
2026-09-24,011608,8713,INDEX,true,GREEN_SHRINKING,NORMAL,1.28600000
2026-09-24,012920,9883,ACTIVE,true,GREEN_SHRINKING,NORMAL,3.90720000
2026-09-24,012922,9885,ACTIVE,true,GREEN_SHRINKING,NORMAL,3.82680000
2026-09-24,013308,10208,ETF,false,GREEN_EXPANDING,,1.04090000
2026-09-24,013446,10333,ACTIVE,true,GREEN_SHRINKING,NORMAL,1.58670000
2026-09-24,014978,11628,ETF,true,GREEN_SHRINKING,,8.31000000
2026-09-24,015879,12383,ETF,false,RED_SHRINKING,NORMAL,0.74960000
2026-09-24,016664,13060,ACTIVE,true,GREEN_SHRINKING,NORMAL,2.92200000
2026-09-24,016707,13096,ETF,false,GREEN_EXPANDING,NORMAL,1.69460000
2026-09-24,016708,13097,ETF,false,GREEN_EXPANDING,NORMAL,1.67490000
2026-09-24,017093,13421,ETF,true,GREEN_SHRINKING,,2.97070000
2026-09-24,017189,13506,INDEX_ENHANCED,true,GREEN_SHRINKING,NORMAL,1.84580000
2026-09-24,017730,14005,ACTIVE,true,GREEN_SHRINKING,NORMAL,4.31230000
2026-09-24,019172,15299,INDEX,true,GREEN_SHRINKING,,1.81300000
2026-09-24,019736,15828,INDEX,true,GREEN_SHRINKING,,1.54040000
2026-09-24,020608,16637,ETF,false,GREEN_SHRINKING,NORMAL,1.31600000
2026-09-24,021972,17940,ETF,false,RED_SHRINKING,NORMAL,1.19220000
2026-09-24,025732,21520,ETF,,RED_EXPANDING,,0.88650000
2026-09-24,026265,22033,ETF,,GREEN_SHRINKING,NORMAL,0.81150000
2026-09-24,027521,23185,ETF,,,NORMAL,0.96920000
2026-09-24,110026,23860,ETF,false,GREEN_SHRINKING,NORMAL,3.47620000
2026-09-24,270042,25374,ETF,true,GREEN_SHRINKING,,8.72990000
(1581 rows)
